"OrderID","CustomerID","CustomerName","CustomerAge","Gender","Country","ProductCategory","Quantity","UnitPrice","TotalSpend","PaymentMethod","OrderDate"
"ORD-12747","CUST-393","John Smith ","","Female","France","Books","6","233.80","1637.37","PAYPAL","15/01/2024"
"ORD-10547","CUST-443","michael jones","35","F","United States","Clothing","","21.77","","Credit Card","March 10 2024"
"ORD-10658","CUST-171","Linda Garcia","","","USA","Clothing","999","79.86","2178.42","PayPal","2024-01-15"
"ORD-11545","CUST-358","Robert Williams","","Female","","","","363.53","","Bank Transfer","March 10 2024"
"ORD-11757","CUST-331","Robert Williams","59","M","UK","","5","","91.66","","15/01/2024"
"ORD-12255","CUST-434","Robert Williams","58","F","Germany","Beauty","5","324.18","708.59","Credit Card","2024-04-05"
"ORD-10384","CUST-368","David Miller","","F","","Beauty","7","345.43","1099.94","PayPal","March 10 2024"
"ORD-11707","CUST-224","Elizabeth Davis","63","","United Kingdom","Beauty","10","43.17","","PayPal","March 10 2024"
"ORD-12781","CUST-490","Mary Johnson","33","UNKNOWN","UK","Electronics","8","336.05","","","2024-01-15"
"ORD-11566","CUST-484","Mary Johnson","51","M","USA","","9","","1609.37","credit card","March 10 2024"
"ORD-11159","CUST-151","MARY JOHNSON","38","F","United Kingdom","","9","74.81","","credit card","15/01/2024"
"ORD-10152","CUST-140","Elizabeth Davis","","","us","","6","255.89","1738.20","PayPal","March 10 2024"
"ORD-12797","CUST-275","Mary Johnson","64","male","United Kingdom","Books","","","463.74","Bank Transfer","2024/02/20"
"ORD-10237","CUST-325","","43","Male","","Books","9","","","PayPal","15/01/2024"
"ORD-11423","CUST-465","Patricia Brown","21","male","us","","7","","","PAYPAL",""
"ORD-10437","CUST-317","MARY JOHNSON","40","UNKNOWN","UK","Home & Kitchen","","","515.96","PAYPAL","2024/02/20"
"ORD-10549","CUST-332","michael jones","75","Male","","Sports","","","","credit card","15/01/2024"
"ORD-11963","CUST-350","john smith","66","","us","","7","457.25","2213.58","",""
"ORD-11322","CUST-496","Robert Williams","71","Female","Canada","Clothing","9","331.67","","Bank Transfer","2024/02/20"
"ORD-11396","CUST-434","Patricia Brown","72","UNKNOWN","U.S.A.","","1","399.94","883.15","PAYPAL","March 10 2024"
"ORD-12269","CUST-353","john smith","40","Male","","CLOTHING","2","336.84","1769.23","credit card","March 10 2024"
"ORD-11679","CUST-136","","36","Male","UK","","8","344.56","967.58","PAYPAL","15/01/2024"
"ORD-11777","CUST-207","","35","Male","France","","9","","2143.54","credit card",""
"ORD-11059","CUST-309","","28","F","us","","","289.35","","credit card","2024-01-15"
"ORD-12787","CUST-245","","","male","UK","","4","","","Credit Card","2024-04-05"
"ORD-11528","CUST-320","","44","F","us","Clothing","1","","123.36","","2024-01-15"
"ORD-12454","CUST-276","Patricia Brown","","","Germany","","3","371.20","","PAYPAL","2024-04-05"
"ORD-11626","CUST-246","","","F","us","CLOTHING","8","108.68","1438.26","PAYPAL",""
"ORD-10622","CUST-120","","33","","","Sports","3","","184.95","credit card","March 10 2024"
"ORD-10035","CUST-228","Elizabeth Davis","48","Male","U.S.A.","","","15000","1877.35","PayPal","2024/02/20"
"ORD-10518","CUST-170","Patricia Brown","","female","Germany","Sports","6","156.93","1849.54","PAYPAL","15/01/2024"
"ORD-10405","CUST-451","michael jones","49","female","United States","Beauty","4","","","","2024/02/20"
"ORD-11096","CUST-493","Robert Williams","46","Male","UK","Books","5","","","credit card","March 10 2024"
"ORD-11268","CUST-321","michael jones","","UNKNOWN","France","Sports","9","93.37","1864.14","Bank Transfer","2024-04-05"
"ORD-11314","CUST-424","michael jones","34","","Germany","Electronics","9","","","Credit Card","15/01/2024"
"ORD-10957","CUST-235","Elizabeth Davis","52","UNKNOWN","us","CLOTHING","2","406.98","1753.19","PAYPAL","March 10 2024"
"ORD-11941","CUST-162","Patricia Brown","64","male","Canada","Home & Kitchen","9","","","PAYPAL","2024/02/20"
"ORD-11660","CUST-264","michael jones","33","","USA","","6","102.53","1940.35","Credit Card","15/01/2024"
"ORD-10855","CUST-233","michael jones","41","M","Germany","CLOTHING","4","","962.54","","March 10 2024"
"ORD-11622","CUST-267","Patricia Brown","66","female","United States","Beauty","","","","",""
"ORD-10519","CUST-155","Patricia Brown","","Male","United Kingdom","Home & Kitchen","10","","","PAYPAL","2024-01-15"
"ORD-10149","CUST-418","","65","Male","U.S.A.","Home & Kitchen","","493.77","1418.77","PayPal","15/01/2024"
"ORD-12726","CUST-414","","69","","","Books","","","2282.99","","15/01/2024"
"ORD-10697","CUST-340","john smith","","female","","","8","93.81","228.73","Cash on Delivery","2024-01-15"
"ORD-11069","CUST-190","","28","M","UK","Electronics","","","2291.48","credit card","2024-01-15"
"ORD-12361","CUST-278","David Miller","65","UNKNOWN","France","","10","","","",""
"ORD-10385","CUST-278","Elizabeth Davis","18","F","","","","329.05","389.19","","2024-01-15"
"ORD-12215","CUST-441","","","","USA","elec","","256.05","","PAYPAL",""
"ORD-12681","CUST-230","John Smith ","59","F","France","Clothing","10","404.16","1232.63","PayPal","2024/02/20"
"ORD-10877","CUST-435","","180","","","","8","91.89","","PayPal","2024-04-05"
"ORD-12730","CUST-455","Mary Johnson","","F","","Books","","","846.89","Credit Card",""
"ORD-11883","CUST-409","Mary Johnson","47","Male","France","Clothing","2","","2302.80","Cash on Delivery","2024-04-05"
"ORD-11628","CUST-406","Elizabeth Davis","48","F","United States","Home & Kitchen","","104.48","","",""
"ORD-12632","CUST-348","","","M","United Kingdom","Home & Kitchen","5","371.63","","PAYPAL","2024-01-15"
"ORD-11109","CUST-209","","24","","U.S.A.","","","","231.78","Bank Transfer","2024-04-05"
"ORD-10145","CUST-179","","","male","United Kingdom","elec","10","","","PAYPAL","15/01/2024"
"ORD-12221","CUST-339","michael jones","40","","Canada","","","84.62","","PayPal",""
"ORD-12620","CUST-250","David Miller","22","Female","United States","Electronics","4","163.83","1086.14","PAYPAL","March 10 2024"
"ORD-10359","CUST-300","","34","","France","CLOTHING","8","","92.12","Cash on Delivery","15/01/2024"
"ORD-12130","CUST-411","David Miller","","male","U.S.A.","Home & Kitchen","999","304.79","","",""
"ORD-12990","CUST-449","","18","F","Canada","","9","103.14","","","2024-01-15"
"ORD-11488","CUST-263","","","male","UK","Sports","6","499.47","168.26","PAYPAL","15/01/2024"
"ORD-12324","CUST-104","Linda Garcia","","M","USA","Books","","","662.50","Bank Transfer","March 10 2024"
"ORD-10274","CUST-129","Mary Johnson","58","female","us","","6","206.86","624.38","Cash on Delivery",""
"ORD-11355","CUST-145","MARY JOHNSON","21","Male","United States","Home & Kitchen","","305.28","","Bank Transfer",""
"ORD-12702","CUST-164","Linda Garcia","","M","UK","elec","8","357.79","","PAYPAL","March 10 2024"
"ORD-10550","CUST-339","John Smith ","75","","UK","","8","","2401.86","","2024-01-15"
"ORD-12776","CUST-232","michael jones","","M","","elec","5","","2093.18","PayPal","March 10 2024"
"ORD-12084","CUST-500","","","Male","France","CLOTHING","5","","1878.48","PayPal","2024-04-05"
"ORD-11139","CUST-374","John Smith ","","male","UK","","","","","PAYPAL",""
"ORD-12204","CUST-484","Robert Williams","67","UNKNOWN","","","4","64.46","","","March 10 2024"
"ORD-12206","CUST-261","Patricia Brown","74","","USA","","8","339.37","123.46","PAYPAL","2024/02/20"
"ORD-10691","CUST-381","Mary Johnson","","UNKNOWN","France","CLOTHING","","67.11","","Credit Card","March 10 2024"
"ORD-10132","CUST-283","michael jones","53","","United States","elec","","455.12","2368.54","Credit Card","2024/02/20"
"ORD-12371","CUST-166","MARY JOHNSON","22","","Canada","","","258.06","781.08","PAYPAL","2024-04-05"
"ORD-10074","CUST-128","","47","F","Canada","Books","10","","1730.56","credit card",""
"ORD-11768","CUST-370","John Smith ","40","F","Germany","elec","10","488.40","2241.11","","2024-04-05"
"ORD-11183","CUST-260","Elizabeth Davis","73","M","","Books","","301.93","1091.57","","2024-04-05"
"ORD-11079","CUST-317","","39","","","CLOTHING","10","336.33","788.05","","15/01/2024"
"ORD-10200","CUST-436","Robert Williams","71","","France","Clothing","","429.68","2412.05","","2024/02/20"
"ORD-12530","CUST-261","MARY JOHNSON","41","F","","","6","","464.29","Bank Transfer","15/01/2024"
"ORD-11147","CUST-372","David Miller","","M","UK","Sports","5","","","Cash on Delivery","15/01/2024"
"ORD-11526","CUST-130","","64","","","CLOTHING","4","","681.72","","March 10 2024"
"ORD-12142","CUST-130","","","Male","United Kingdom","Beauty","9","71.33","955.03","Credit Card",""
"ORD-11912","CUST-376","John Smith ","","","United States","CLOTHING","10","463.21","","Credit Card","2024/02/20"
"ORD-10018","CUST-113","Elizabeth Davis","180","Female","Germany","Electronics","","162.68","1543.36","PAYPAL",""
"ORD-11443","CUST-400","","49","","","","10","112.24","1061.23","","2024/02/20"
"ORD-12533","CUST-319","John Smith ","","female","UK","CLOTHING","4","246.95","954.34","Cash on Delivery","March 10 2024"
"ORD-11152","CUST-249","John Smith ","","F","Germany","","","20.54","","","2024-01-15"
"ORD-11401","CUST-172","","42","F","United Kingdom","Books","1","","","PayPal",""
"ORD-11275","CUST-144","john smith","29","M","Canada","Books","3","263.25","1910.32","PayPal","2024-04-05"
"ORD-10186","CUST-274","Linda Garcia","","F","USA","Books","5","285.41","1102.02","","2024-04-05"
"ORD-12772","CUST-453","Mary Johnson","51","F","U.S.A.","elec","3","323.21","1818.68","credit card","March 10 2024"
"ORD-12397","CUST-343","John Smith ","71","Female","","","4","164.25","","PayPal",""
"ORD-11736","CUST-115","Robert Williams","51","Female","Canada","","","286.33","2289.06","PAYPAL","15/01/2024"
"ORD-11568","CUST-197","john smith","","male","","Beauty","","108.98","","PAYPAL","2024-01-15"
"ORD-11766","CUST-458","David Miller","","male","","Clothing","3","","619.37","PAYPAL","2024-04-05"
"ORD-11368","CUST-309","","64","male","Germany","Books","7","","1027.62","Credit Card",""
"ORD-11386","CUST-219","Robert Williams","55","","Germany","Beauty","8","187.07","1856.38","","2024-01-15"
"ORD-11001","CUST-320","Robert Williams","53","female","us","Clothing","7","","539.31","","15/01/2024"
"ORD-10928","CUST-426","David Miller","38","female","","Electronics","3","195.89","219.79","PAYPAL","2024-01-15"
"ORD-10921","CUST-352","MARY JOHNSON","49","","Canada","elec","5","56.06","","Credit Card","2024-01-15"
"ORD-11145","CUST-365","","32","male","UK","Sports","","71.57","1723.54","",""
"ORD-11212","CUST-179","","51","UNKNOWN","Germany","CLOTHING","7","499.47","2260.13","Bank Transfer","15/01/2024"
"ORD-12124","CUST-181","michael jones","20","UNKNOWN","Germany","","5","195.82","2311.11","","2024/02/20"
"ORD-11580","CUST-405","Elizabeth Davis","","M","UK","Home & Kitchen","10","355.20","1496.28","credit card","2024-04-05"
"ORD-10426","CUST-311","John Smith ","","female","","Home & Kitchen","3","432.94","1532.48","Bank Transfer","15/01/2024"
"ORD-10862","CUST-321","Elizabeth Davis","64","male","Canada","CLOTHING","10","378.46","650.88","","March 10 2024"
"ORD-12394","CUST-432","Linda Garcia","72","F","","Electronics","5","67.24","","Cash on Delivery",""
"ORD-12168","CUST-207","Robert Williams","60","Female","U.S.A.","Home & Kitchen","3","31.18","1636.48","credit card","2024-04-05"
"ORD-11334","CUST-115","","28","","us","Electronics","","372.55","568.88","Bank Transfer","2024/02/20"
"ORD-10709","CUST-370","Patricia Brown","49","F","United States","Sports","1","348.45","2366.36","credit card","2024-04-05"
"ORD-10706","CUST-458","","39","M","U.S.A.","Electronics","6","200.16","","PayPal","2024-04-05"
"ORD-11660","CUST-264","michael jones","33","","USA","","6","102.53","1940.35","Credit Card","15/01/2024"
"ORD-11775","CUST-182","","","","USA","Home & Kitchen","8","","","PAYPAL","2024-04-05"
"ORD-12657","CUST-174","","34","UNKNOWN","UK","Books","2","268.75","","Credit Card",""
"ORD-12763","CUST-383","","22","Female","us","Home & Kitchen","7","322.76","1808.09","",""
"ORD-11600","CUST-223","Patricia Brown","44","","France","Home & Kitchen","","224.66","1800.94","","15/01/2024"
"ORD-11181","CUST-474","MARY JOHNSON","","female","","elec","4","15000","","PAYPAL","2024-04-05"
"ORD-11959","CUST-273","MARY JOHNSON","43","","","Beauty","4","470.92","","Credit Card","March 10 2024"
"ORD-12047","CUST-250","john smith","30","F","us","","7","","","",""
"ORD-10625","CUST-183","","","Male","","Clothing","","","2169.04","Credit Card","2024-01-15"
"ORD-11070","CUST-464","","64","F","United Kingdom","Beauty","10","100.27","1615.32","","March 10 2024"
"ORD-12466","CUST-300","","","Male","USA","CLOTHING","6","162.36","","PayPal","2024-04-05"
"ORD-12061","CUST-443","MARY JOHNSON","22","","us","Home & Kitchen","5","175.15","","","2024-01-15"
"ORD-10793","CUST-194","Patricia Brown","","Male","UK","Home & Kitchen","9","217.28","","","2024-01-15"
"ORD-11199","CUST-482","John Smith ","180","","Canada","Sports","","26.54","1846.15","","2024/02/20"
"ORD-11530","CUST-415","MARY JOHNSON","59","","U.S.A.","","5","","1479.10","","March 10 2024"
"ORD-11740","CUST-175","Robert Williams","","Male","USA","Clothing","999","355.20","2288.17","Credit Card","March 10 2024"
"ORD-12964","CUST-405","Linda Garcia","67","F","United Kingdom","Beauty","7","204.53","","Cash on Delivery","2024-01-15"
"ORD-12258","CUST-302","Linda Garcia","30","M","USA","Electronics","8","281.10","","PayPal","2024-01-15"
"ORD-11358","CUST-404","","41","M","United States","Books","1","78.49","2153.48","Bank Transfer","2024/02/20"
"ORD-12818","CUST-487","Linda Garcia","42","","U.S.A.","","","136.89","1200.85","","2024-01-15"
"ORD-10006","CUST-110","michael jones","","male","Germany","Beauty","","455.61","1933.79","PayPal","2024/02/20"
"ORD-11624","CUST-164","Patricia Brown","","F","USA","Beauty","","344.39","","","15/01/2024"
"ORD-12735","CUST-376","Robert Williams","","UNKNOWN","U.S.A.","CLOTHING","","","1711.35","credit card","2024-01-15"
"ORD-11522","CUST-111","","54","female","us","elec","","95.06","","PAYPAL",""
"ORD-11504","CUST-356","","20","","us","","8","","158.95","","2024-04-05"
"ORD-10555","CUST-208","Patricia Brown","18","M","us","CLOTHING","8","89.64","551.36","","2024-04-05"
"ORD-12169","CUST-174","Mary Johnson","","","United States","Clothing","3","269.12","1844.65","PAYPAL","2024-04-05"
"ORD-12164","CUST-362","David Miller","50","","Germany","Beauty","3","","","","2024-04-05"
"ORD-12583","CUST-285","Patricia Brown","35","","Canada","Sports","","403.80","1053.66","PAYPAL","15/01/2024"
"ORD-12091","CUST-326","John Smith ","44","F","United States","Sports","8","461.38","","","2024/02/20"
"ORD-12253","CUST-235","MARY JOHNSON","59","M","us","CLOTHING","","35.96","1227.31","PAYPAL","2024-01-15"
"ORD-12311","CUST-225","Mary Johnson","18","Male","Canada","Beauty","9","312.36","803.13","credit card","March 10 2024"
"ORD-12049","CUST-226","john smith","55","UNKNOWN","France","Beauty","","137.51","343.09","PAYPAL",""
"ORD-11171","CUST-352","David Miller","34","UNKNOWN","","CLOTHING","","289.74","","credit card","2024-01-15"
"ORD-11551","CUST-354","Elizabeth Davis","21","","France","Home & Kitchen","2","","1191.62","",""
"ORD-10398","CUST-381","Mary Johnson","49","male","","Sports","3","455.87","1819.57","","15/01/2024"
"ORD-12752","CUST-415","john smith","","F","France","Clothing","1","153.14","1419.33","PayPal","March 10 2024"
"ORD-12256","CUST-255","","50","female","Canada","","7","390.56","","Cash on Delivery","2024/02/20"
"ORD-11266","CUST-385","Patricia Brown","67","Female","France","CLOTHING","1","380.72","","","2024-04-05"
"ORD-11949","CUST-166","","49","UNKNOWN","France","elec","4","","","Cash on Delivery","March 10 2024"
"ORD-11305","CUST-379","john smith","35","Male","United Kingdom","elec","4","32.12","730.88","Credit Card","15/01/2024"
"ORD-12615","CUST-336","John Smith ","180","UNKNOWN","Germany","CLOTHING","5","","221.15","Credit Card","March 10 2024"
"ORD-12861","CUST-187","MARY JOHNSON","41","Female","Germany","","7","","759.04","Bank Transfer","2024-01-15"
"ORD-11865","CUST-329","Robert Williams","37","M","UK","elec","1","281.56","1425.98","Credit Card","15/01/2024"
"ORD-11216","CUST-406","Elizabeth Davis","","F","Canada","elec","","15000","218.86","Credit Card","2024/02/20"
"ORD-10615","CUST-281","MARY JOHNSON","","M","United Kingdom","Electronics","","","2018.95","Credit Card","2024-01-15"
"ORD-10441","CUST-316","","","M","France","","5","","","credit card","2024/02/20"
"ORD-12561","CUST-278","MARY JOHNSON","","UNKNOWN","","","","92.06","479.30","credit card","2024-04-05"
"ORD-10090","CUST-118","MARY JOHNSON","","M","United Kingdom","Beauty","-10","","1990.29","Bank Transfer","2024/02/20"
"ORD-11022","CUST-274","michael jones","","UNKNOWN","France","","1","","1600.85","PayPal","2024-04-05"
"ORD-10624","CUST-365","john smith","","","Canada","elec","2","151.48","","PAYPAL","2024/02/20"
"ORD-10732","CUST-344","Linda Garcia","","","U.S.A.","Electronics","","169.92","68.82","PayPal","15/01/2024"
"ORD-10883","CUST-154","Linda Garcia","","","United Kingdom","Books","4","","1924.27","Bank Transfer","2024-01-15"
"ORD-11609","CUST-116","","180","","USA","Clothing","6","416.98","","",""
"ORD-10359","CUST-300","","34","","France","CLOTHING","8","","92.12","Cash on Delivery","15/01/2024"
"ORD-12327","CUST-246","john smith","51","M","us","Beauty","","256.31","","","15/01/2024"
"ORD-10929","CUST-153","","71","male","","Sports","2","455.67","","Bank Transfer","March 10 2024"
"ORD-12877","CUST-324","","","F","","Books","3","80.61","2073.52","PAYPAL","2024-04-05"
"ORD-12442","CUST-412","Robert Williams","42","M","Canada","Clothing","2","78.87","2412.02","Cash on Delivery",""
"ORD-12971","CUST-254","Mary Johnson","","","","elec","2","326.49","540.82","PayPal",""
"ORD-11185","CUST-284","Robert Williams","","","U.S.A.","Home & Kitchen","999","","167.87","PAYPAL","2024/02/20"
"ORD-12006","CUST-394","Patricia Brown","71","","France","","8","260.42","111.59","Bank Transfer","2024-04-05"
"ORD-10632","CUST-442","Robert Williams","69","female","U.S.A.","Clothing","8","247.11","440.87","PayPal","March 10 2024"
"ORD-12540","CUST-467","Robert Williams","33","Male","Canada","","5","15000","","PAYPAL","2024-01-15"
"ORD-11619","CUST-292","Robert Williams","34","M","United States","","9","160.56","956.69","","March 10 2024"
"ORD-10562","CUST-349","john smith","36","","us","Electronics","9","357.18","987.06","Cash on Delivery","15/01/2024"
"ORD-12769","CUST-222","Robert Williams","","UNKNOWN","USA","Electronics","","159.89","1636.92","credit card","2024-04-05"
"ORD-10104","CUST-444","","","female","Canada","elec","8","","2079.03","credit card","March 10 2024"
"ORD-10855","CUST-233","michael jones","41","M","Germany","CLOTHING","4","","962.54","","March 10 2024"
"ORD-12465","CUST-308","David Miller","72","Male","U.S.A.","","2","","","Bank Transfer","2024/02/20"
"ORD-10001","CUST-375","Mary Johnson","38","","","CLOTHING","","","1093.93","credit card","15/01/2024"
"ORD-10700","CUST-316","Mary Johnson","","","","Beauty","2","328.43","","credit card","March 10 2024"
"ORD-12816","CUST-349","john smith","37","M","United States","Home & Kitchen","","","157.71","Cash on Delivery","2024-01-15"
"ORD-12815","CUST-121","","45","Female","Canada","","","318.11","1958.56","Cash on Delivery",""
"ORD-10206","CUST-124","","","Male","United Kingdom","Electronics","","254.00","","","15/01/2024"
"ORD-10509","CUST-187","Robert Williams","36","male","us","CLOTHING","9","404.98","242.50","credit card","2024-04-05"
"ORD-10906","CUST-195","","-5","Female","United States","Beauty","9","80.65","1686.03","PAYPAL",""
"ORD-10553","CUST-428","David Miller","48","female","UK","Clothing","4","56.12","1399.27","Bank Transfer","March 10 2024"
"ORD-11038","CUST-133","Patricia Brown","31","Male","U.S.A.","","10","297.35","1456.80","Bank Transfer","2024-04-05"
"ORD-12547","CUST-441","john smith","","","UK","Clothing","7","194.56","2216.62","","March 10 2024"
"ORD-11831","CUST-192","Linda Garcia","58","UNKNOWN","United Kingdom","elec","8","237.26","","","2024/02/20"
"ORD-10338","CUST-489","","","","U.S.A.","","","","319.27","","2024-04-05"
"ORD-11200","CUST-329","Mary Johnson","19","male","U.S.A.","","4","373.29","","",""
"ORD-10760","CUST-233","MARY JOHNSON","","F","United Kingdom","Clothing","","198.80","","Bank Transfer",""
"ORD-11153","CUST-134","David Miller","34","","United States","Clothing","","139.34","1365.23","Bank Transfer","2024/02/20"
"ORD-10276","CUST-380","","61","M","","elec","3","15000","45.28","PayPal","March 10 2024"
"ORD-11110","CUST-420","Elizabeth Davis","36","F","Canada","CLOTHING","9","","100.20","PayPal",""
"ORD-11851","CUST-395","John Smith ","","Female","United Kingdom","","4","401.31","","Credit Card","15/01/2024"
"ORD-11753","CUST-216","Patricia Brown","71","M","us","Books","2","200.21","","Bank Transfer","2024-01-15"
"ORD-10175","CUST-428","Linda Garcia","","female","Canada","","","263.34","","Credit Card",""
"ORD-12310","CUST-189","Linda Garcia","49","M","UK","CLOTHING","7","105.31","654.72","Bank Transfer","2024-04-05"
"ORD-11065","CUST-157","Elizabeth Davis","","Male","France","CLOTHING","10","266.85","","PayPal","2024-04-05"
"ORD-12625","CUST-463","","","Male","","Clothing","","121.04","1425.47","Bank Transfer","2024-04-05"
"ORD-10756","CUST-365","john smith","21","","U.S.A.","Clothing","9","175.45","1328.22","","March 10 2024"
"ORD-10590","CUST-326","Patricia Brown","","Female","Canada","CLOTHING","","35.52","","PayPal","March 10 2024"
"ORD-12231","CUST-341","","180","Male","Germany","Sports","4","427.95","","PAYPAL","2024-01-15"
"ORD-11182","CUST-241","Robert Williams","","male","Canada","Electronics","8","15000","","credit card","15/01/2024"
"ORD-12820","CUST-240","David Miller","","Male","","Home & Kitchen","4","","764.41","Bank Transfer","15/01/2024"
"ORD-11050","CUST-137","Elizabeth Davis","29","","Germany","Home & Kitchen","","475.64","2306.53","","15/01/2024"
"ORD-11575","CUST-421","Patricia Brown","38","","France","Books","6","294.40","1589.75","credit card","15/01/2024"
"ORD-10415","CUST-108","john smith","52","Male","USA","CLOTHING","2","425.44","237.50","PAYPAL","2024-04-05"
"ORD-11904","CUST-495","","72","male","us","Clothing","5","282.15","","PayPal","15/01/2024"
"ORD-10843","CUST-159","David Miller","","","us","","3","88.05","1440.33","Cash on Delivery","2024-04-05"
"ORD-11093","CUST-223","","","F","U.S.A.","Sports","999","43.09","135.03","credit card","2024/02/20"
"ORD-11706","CUST-169","Mary Johnson","58","Female","United Kingdom","Electronics","9","150.20","127.97","credit card","2024/02/20"
"ORD-10990","CUST-424","Mary Johnson","42","Female","","Books","1","","","PAYPAL","2024/02/20"
"ORD-11702","CUST-465","Patricia Brown","71","","United Kingdom","Clothing","999","16.29","1425.29","PAYPAL","March 10 2024"
"ORD-11970","CUST-417","MARY JOHNSON","35","Male","UK","Beauty","4","268.61","1902.12","PayPal",""
"ORD-12759","CUST-436","MARY JOHNSON","55","UNKNOWN","United Kingdom","Sports","","86.45","1329.08","credit card",""
"ORD-10375","CUST-108","Linda Garcia","45","F","United Kingdom","elec","4","342.79","2234.30","PayPal","2024/02/20"
"ORD-10452","CUST-495","Elizabeth Davis","23","F","UK","Sports","6","199.41","296.43","Cash on Delivery",""
"ORD-10595","CUST-377","Elizabeth Davis","54","male","us","","7","30.94","","Credit Card","2024-01-15"
"ORD-12482","CUST-261","","38","","","","","","928.68","PAYPAL",""
"ORD-12186","CUST-233","Mary Johnson","44","","Germany","CLOTHING","1","317.01","","","2024-04-05"
"ORD-12882","CUST-421","John Smith ","","male","USA","Electronics","9","15000","940.70","PAYPAL","15/01/2024"
"ORD-10095","CUST-451","Robert Williams","","","","Clothing","7","68.40","","Credit Card","15/01/2024"
"ORD-10720","CUST-479","","60","Female","U.S.A.","elec","-10","","","PayPal","2024-01-15"
"ORD-12717","CUST-469","Elizabeth Davis","42","M","Canada","CLOTHING","","13.39","183.58","PAYPAL","2024-04-05"
"ORD-12665","CUST-434","David Miller","180","","us","Beauty","5","","268.81","Bank Transfer","2024-01-15"
"ORD-10670","CUST-411","","20","","Germany","Home & Kitchen","10","410.91","","credit card","15/01/2024"
"ORD-12947","CUST-339","Linda Garcia","68","","","Books","10","354.08","","","15/01/2024"
"ORD-12055","CUST-429","Patricia Brown","21","UNKNOWN","us","Home & Kitchen","","204.66","1493.06","PayPal","2024-01-15"
"ORD-11998","CUST-401","Linda Garcia","49","Female","United Kingdom","Clothing","9","307.89","1172.81","Credit Card","2024/02/20"
"ORD-10157","CUST-317","michael jones","60","UNKNOWN","us","elec","","267.12","","","15/01/2024"
"ORD-11267","CUST-139","John Smith ","50","F","France","","7","","637.94","","2024/02/20"
"ORD-11219","CUST-482","","55","F","Germany","Electronics","9","236.46","60.79","PayPal","2024-04-05"
"ORD-12201","CUST-217","john smith","74","UNKNOWN","Canada","Books","8","406.32","","credit card","March 10 2024"
"ORD-12904","CUST-130","john smith","","","us","","10","285.43","","Cash on Delivery","2024/02/20"
"ORD-11801","CUST-430","","28","","","Sports","8","128.42","","PayPal","2024-04-05"
"ORD-10060","CUST-329","","25","","France","Sports","999","375.57","1042.99","Cash on Delivery",""
"ORD-12730","CUST-455","Mary Johnson","","F","","Books","","","846.89","Credit Card",""
"ORD-10460","CUST-114","john smith","56","F","United States","elec","7","410.04","2297.43","PAYPAL","15/01/2024"
"ORD-10548","CUST-105","Robert Williams","","Female","U.S.A.","Sports","4","471.71","728.77","Cash on Delivery",""
"ORD-11794","CUST-195","","","UNKNOWN","United Kingdom","elec","","155.52","262.34","credit card","15/01/2024"
"ORD-10213","CUST-351","MARY JOHNSON","70","female","France","Electronics","10","130.64","1181.65","","March 10 2024"
"ORD-11918","CUST-433","","53","M","us","","4","151.96","","PAYPAL","2024-01-15"
"ORD-12420","CUST-478","David Miller","44","female","France","elec","2","289.49","","PayPal","2024/02/20"
"ORD-11448","CUST-257","John Smith ","72","female","USA","","8","439.89","943.38","","March 10 2024"
"ORD-11838","CUST-144","Elizabeth Davis","44","Female","UK","","6","114.46","791.04","","March 10 2024"
"ORD-11378","CUST-296","Elizabeth Davis","30","M","France","Sports","1","","","","2024-04-05"
"ORD-11564","CUST-136","MARY JOHNSON","","female","U.S.A.","","1","54.36","729.87","credit card","2024-01-15"
"ORD-12226","CUST-443","John Smith ","60","Male","Canada","Clothing","","80.03","2324.29","Cash on Delivery","March 10 2024"
"ORD-10498","CUST-476","Robert Williams","53","UNKNOWN","Germany","Electronics","1","","2416.53","PAYPAL","2024-01-15"
"ORD-10343","CUST-399","john smith","31","UNKNOWN","U.S.A.","Electronics","","353.83","1659.90","Credit Card","2024-01-15"
"ORD-11725","CUST-233","Mary Johnson","63","UNKNOWN","U.S.A.","CLOTHING","10","58.06","1320.64","PayPal","2024-04-05"
"ORD-11560","CUST-272","","33","Female","UK","Electronics","9","372.04","1421.71","","March 10 2024"
"ORD-11304","CUST-127","Mary Johnson","32","male","France","Electronics","3","","","Cash on Delivery","March 10 2024"
"ORD-11891","CUST-362","","30","UNKNOWN","","","","374.23","1719.50","PAYPAL","2024/02/20"
"ORD-10219","CUST-476","john smith","47","F","us","","-10","289.10","","PayPal",""
"ORD-12236","CUST-168","Mary Johnson","20","UNKNOWN","France","CLOTHING","3","","2374.29","","2024/02/20"
"ORD-10661","CUST-407","MARY JOHNSON","59","UNKNOWN","","Sports","9","","32.41","","March 10 2024"
"ORD-10517","CUST-326","Linda Garcia","","","","Electronics","9","360.08","","Credit Card","2024-04-05"
"ORD-12977","CUST-130","Robert Williams","22","Female","","Electronics","","","1380.14","",""
"ORD-10364","CUST-212","Linda Garcia","-5","Male","us","Books","","99.48","326.52","Cash on Delivery",""
"ORD-12247","CUST-289","Patricia Brown","180","male","United Kingdom","Home & Kitchen","-10","436.22","1710.37","",""
"ORD-12539","CUST-361","Linda Garcia","66","","United States","Clothing","9","370.85","","PAYPAL","15/01/2024"
"ORD-10667","CUST-261","Mary Johnson","","Male","United States","","","495.54","","","2024-01-15"
"ORD-12051","CUST-491","","33","female","Germany","CLOTHING","1","424.58","571.58","","March 10 2024"
"ORD-12952","CUST-354","Elizabeth Davis","","Female","Canada","Sports","5","457.82","","PayPal","2024-04-05"
"ORD-12749","CUST-447","Linda Garcia","57","Male","","elec","8","","1488.00","Cash on Delivery","2024-01-15"
"ORD-11812","CUST-250","john smith","","F","Canada","Sports","8","430.84","2070.36","PayPal",""
"ORD-11917","CUST-361","Mary Johnson","50","Female","United Kingdom","Electronics","9","221.86","1960.82","","2024-04-05"
"ORD-12120","CUST-355","Robert Williams","20","female","UK","elec","","193.90","","PAYPAL",""
"ORD-10155","CUST-264","michael jones","35","","USA","Electronics","6","479.04","","PAYPAL","15/01/2024"
"ORD-10248","CUST-293","","","M","Canada","elec","4","26.02","2300.44","","2024-01-15"
"ORD-11824","CUST-261","","","female","Canada","CLOTHING","9","268.75","1638.61","credit card","March 10 2024"
"ORD-10459","CUST-454","Mary Johnson","27","M","United States","Clothing","4","195.88","2311.38","PayPal","2024/02/20"
"ORD-12574","CUST-373","Robert Williams","53","M","","","","","847.87","Credit Card","2024-04-05"
"ORD-12284","CUST-310","Patricia Brown","-5","UNKNOWN","USA","Electronics","","214.31","","","15/01/2024"
"ORD-12549","CUST-100","","","","us","Books","-10","66.34","860.13","","2024-01-15"
"ORD-10204","CUST-355","Mary Johnson","58","M","UK","Sports","1","25.88","1158.69","credit card","2024/02/20"
"ORD-10212","CUST-276","MARY JOHNSON","","Male","us","Books","10","158.09","","credit card","March 10 2024"
"ORD-11981","CUST-309","","180","Female","USA","CLOTHING","8","200.03","2057.50","Credit Card","2024-01-15"
"ORD-12319","CUST-407","michael jones","50","","Canada","","8","297.62","2367.68","",""
"ORD-11296","CUST-152","David Miller","","UNKNOWN","USA","elec","6","63.71","","Cash on Delivery",""
"ORD-12101","CUST-371","Robert Williams","52","","","elec","","","2141.19","Credit Card","2024/02/20"
"ORD-12733","CUST-386","","58","Male","","elec","6","250.03","509.32","","2024-01-15"
"ORD-12954","CUST-361","Elizabeth Davis","","","Canada","Beauty","4","","823.83","","15/01/2024"
"ORD-12884","CUST-172","David Miller","74","male","us","CLOTHING","2","414.87","","credit card",""
"ORD-10088","CUST-457","","41","F","United States","CLOTHING","5","167.09","291.46","PayPal","15/01/2024"
"ORD-11484","CUST-167","michael jones","","UNKNOWN","USA","","","413.99","250.56","","2024-01-15"
"ORD-10944","CUST-384","Elizabeth Davis","","Male","United Kingdom","Beauty","2","","2262.79","credit card",""
"ORD-12326","CUST-384","Elizabeth Davis","","Female","United States","elec","9","","1081.07","credit card",""
"ORD-11750","CUST-172","David Miller","35","Female","","Sports","8","240.33","606.15","","2024-01-15"
"ORD-10518","CUST-170","Patricia Brown","","female","Germany","Sports","6","156.93","1849.54","PAYPAL","15/01/2024"
"ORD-12863","CUST-278","MARY JOHNSON","32","UNKNOWN","","Electronics","9","165.33","933.79","Credit Card","15/01/2024"
"ORD-11738","CUST-371","","23","","United Kingdom","Home & Kitchen","1","27.71","99.81","Cash on Delivery","March 10 2024"
"ORD-11829","CUST-433","","62","male","USA","Electronics","","409.40","","","2024-01-15"
"ORD-10352","CUST-393","Patricia Brown","20","","United States","","9","292.16","879.14","PAYPAL","March 10 2024"
"ORD-11088","CUST-423","Linda Garcia","","","U.S.A.","Beauty","","169.84","1381.85","",""
"ORD-11510","CUST-384","Mary Johnson","44","","United States","","3","382.80","1623.24","PayPal","2024-01-15"
"ORD-11810","CUST-322","","40","Female","Germany","","","","384.95","","2024/02/20"
"ORD-12577","CUST-369","","","","France","Clothing","","182.63","2118.34","Bank Transfer","2024-04-05"
"ORD-10878","CUST-197","Patricia Brown","","","U.S.A.","","3","","1228.10","Credit Card",""
"ORD-10016","CUST-361","Mary Johnson","31","Female","United States","CLOTHING","","","2057.71","PayPal","15/01/2024"
"ORD-12438","CUST-105","Patricia Brown","","","","Beauty","6","411.09","298.01","","15/01/2024"
"ORD-11539","CUST-500","Elizabeth Davis","61","male","UK","Clothing","5","","854.05","PayPal","2024-01-15"
"ORD-11715","CUST-406","","70","","Canada","Books","4","280.77","313.47","Bank Transfer","2024-01-15"
"ORD-10763","CUST-355","","61","","Germany","Books","","119.17","","Cash on Delivery",""
"ORD-11294","CUST-204","MARY JOHNSON","30","female","U.S.A.","Beauty","","","415.73","","2024/02/20"
"ORD-10497","CUST-218","Mary Johnson","","Female","Canada","Beauty","","","498.59","PAYPAL","March 10 2024"
"ORD-11892","CUST-306","Mary Johnson","50","","","Electronics","8","264.61","1502.68","Credit Card","15/01/2024"
"ORD-10172","CUST-322","","35","","","Books","3","145.59","","Credit Card","March 10 2024"
"ORD-12242","CUST-111","Mary Johnson","59","female","USA","","","395.89","1359.35","Cash on Delivery","2024-01-15"
"ORD-10342","CUST-433","Linda Garcia","28","UNKNOWN","USA","Beauty","3","42.37","1577.30","PAYPAL","2024-01-15"
"ORD-12413","CUST-359","john smith","-5","","United States","","-10","","1989.80","credit card",""
"ORD-12791","CUST-157","Patricia Brown","57","","","","6","247.38","1718.74","Cash on Delivery","15/01/2024"
"ORD-11399","CUST-354","Elizabeth Davis","45","female","USA","elec","6","280.25","","","2024-04-05"
"ORD-12669","CUST-500","","180","Female","","Home & Kitchen","5","","","","2024/02/20"
"ORD-11930","CUST-105","David Miller","","F","Canada","","","36.69","","PAYPAL","15/01/2024"
"ORD-11427","CUST-407","john smith","62","male","","Electronics","9","320.23","2349.75","PAYPAL","15/01/2024"
"ORD-11814","CUST-142","David Miller","65","","United States","","1","408.47","995.19","Bank Transfer","2024-04-05"
"ORD-11649","CUST-465","David Miller","","female","","Electronics","6","188.30","157.65","Credit Card","2024-04-05"
"ORD-10688","CUST-469","John Smith ","53","F","Canada","elec","","220.58","168.34","PayPal","15/01/2024"
"ORD-12260","CUST-319","michael jones","38","F","UK","","5","209.80","396.38","","2024-01-15"
"ORD-12929","CUST-266","Patricia Brown","68","M","France","","9","342.82","","PAYPAL","March 10 2024"
"ORD-12205","CUST-227","michael jones","","UNKNOWN","Canada","Beauty","4","474.86","1661.99","","2024/02/20"
"ORD-10142","CUST-286","Linda Garcia","62","","France","Books","10","30.89","1556.42","","2024-04-05"
"ORD-12937","CUST-104","Elizabeth Davis","","Male","France","Beauty","8","483.48","1405.95","","15/01/2024"
"ORD-11931","CUST-167","MARY JOHNSON","56","","France","Beauty","6","305.25","309.27","Cash on Delivery","March 10 2024"
"ORD-12868","CUST-201","john smith","","F","Canada","Sports","9","","1374.53","Cash on Delivery",""
"ORD-11936","CUST-284","","","male","us","","3","228.78","","credit card","2024-01-15"
"ORD-10159","CUST-459","John Smith ","74","female","","Home & Kitchen","2","43.80","1675.66","Cash on Delivery","March 10 2024"
"ORD-11338","CUST-298","john smith","70","Female","","","9","35.24","1355.53","Credit Card","March 10 2024"
"ORD-10314","CUST-175","David Miller","","Male","France","CLOTHING","-10","154.53","","","2024-01-15"
"ORD-11313","CUST-329","MARY JOHNSON","49","","United States","","9","486.20","342.23","PayPal","2024/02/20"
"ORD-12309","CUST-117","","180","UNKNOWN","","Home & Kitchen","1","","1141.83","Credit Card","15/01/2024"
"ORD-10817","CUST-243","Robert Williams","44","UNKNOWN","Germany","Books","7","24.30","888.54","","2024/02/20"
"ORD-12701","CUST-138","","27","female","","Sports","3","269.63","","Cash on Delivery","March 10 2024"
"ORD-11457","CUST-470","john smith","","Female","Canada","Sports","","395.28","1842.00","PayPal","15/01/2024"
"ORD-11163","CUST-267","David Miller","34","male","USA","Clothing","2","10.29","437.03","PAYPAL","2024-04-05"
"ORD-10617","CUST-472","","22","","U.S.A.","elec","","118.99","","PayPal","March 10 2024"
"ORD-11567","CUST-127","Mary Johnson","64","UNKNOWN","","","10","","1662.44","PayPal","15/01/2024"
"ORD-10442","CUST-265","Robert Williams","42","F","","CLOTHING","2","324.60","1137.38","","March 10 2024"
"ORD-10792","CUST-309","Elizabeth Davis","18","F","us","Beauty","2","15000","933.50","Credit Card","2024-04-05"
"ORD-10351","CUST-141","Elizabeth Davis","67","M","United Kingdom","","","336.83","2070.52","Credit Card","2024/02/20"
"ORD-10433","CUST-310","","","UNKNOWN","U.S.A.","","2","138.18","","","2024-01-15"
"ORD-10594","CUST-277","","33","female","USA","Electronics","8","18.68","1368.65","Cash on Delivery","2024-04-05"
"ORD-11592","CUST-262","Mary Johnson","","UNKNOWN","","CLOTHING","","","2070.22","","15/01/2024"
"ORD-12449","CUST-491","","","Male","USA","Sports","2","61.33","1716.83","credit card","15/01/2024"
"ORD-11449","CUST-124","","49","","United States","CLOTHING","5","","","PayPal","2024/02/20"
"ORD-11058","CUST-365","David Miller","74","Female","Canada","Sports","3","92.52","2084.96","","2024/02/20"
"ORD-10903","CUST-464","","23","male","","Books","8","","1681.52","",""
"ORD-11154","CUST-113","John Smith ","52","male","UK","elec","7","","1471.95","credit card",""
"ORD-11894","CUST-475","Elizabeth Davis","68","Male","UK","elec","3","15000","578.25","credit card","15/01/2024"
"ORD-11908","CUST-154","","55","","U.S.A.","Clothing","9","453.34","2257.43","credit card","2024-01-15"
"ORD-11163","CUST-267","David Miller","34","male","USA","Clothing","2","10.29","437.03","PAYPAL","2024-04-05"
"ORD-10755","CUST-323","john smith","64","F","Canada","elec","1","248.51","","PAYPAL","2024-04-05"
"ORD-11985","CUST-429","john smith","48","M","UK","","3","247.92","597.77","Bank Transfer","March 10 2024"
"ORD-11275","CUST-144","john smith","29","M","Canada","Books","3","263.25","1910.32","PayPal","2024-04-05"
"ORD-11943","CUST-290","David Miller","","UNKNOWN","Germany","Beauty","","","970.73","Credit Card","2024-04-05"
"ORD-11925","CUST-213","Elizabeth Davis","","","UK","Clothing","7","237.14","","Bank Transfer","2024-01-15"
"ORD-12293","CUST-319","David Miller","61","Female","","elec","1","102.04","1319.46","Cash on Delivery",""
"ORD-11745","CUST-431","","-5","","USA","Home & Kitchen","5","22.62","","Credit Card","2024/02/20"
"ORD-11536","CUST-301","Linda Garcia","","male","","Home & Kitchen","5","15000","1020.76","Bank Transfer","March 10 2024"
"ORD-12387","CUST-226","Linda Garcia","25","","Canada","Clothing","4","","804.67","Bank Transfer","2024-01-15"
"ORD-10489","CUST-134","","20","female","UK","CLOTHING","2","198.46","2072.64","PAYPAL","15/01/2024"
"ORD-10469","CUST-290","Elizabeth Davis","","UNKNOWN","","CLOTHING","8","370.11","","credit card","2024-04-05"
"ORD-10905","CUST-423","Robert Williams","","Male","Canada","Clothing","","","","credit card","15/01/2024"
"ORD-11919","CUST-311","Elizabeth Davis","30","","Canada","Clothing","10","318.48","","PayPal","March 10 2024"
"ORD-12279","CUST-201","Robert Williams","61","UNKNOWN","United States","Electronics","3","","1581.19","","March 10 2024"
"ORD-12566","CUST-189","","","male","","Sports","3","177.19","244.60","credit card","2024/02/20"
"ORD-10750","CUST-128","John Smith ","42","","U.S.A.","Home & Kitchen","7","202.07","2365.48","","March 10 2024"
"ORD-12582","CUST-235","Mary Johnson","70","UNKNOWN","United States","Sports","","245.31","2124.48","PAYPAL","2024-04-05"
"ORD-12337","CUST-428","David Miller","52","","Canada","","1","255.75","1643.85","","2024-01-15"
"ORD-10616","CUST-110","MARY JOHNSON","","M","United States","","999","23.35","1117.15","Credit Card","2024-04-05"
"ORD-11168","CUST-314","John Smith ","","M","","elec","5","56.28","83.39","","2024/02/20"
"ORD-11138","CUST-298","MARY JOHNSON","40","UNKNOWN","United Kingdom","Electronics","","","","PayPal","March 10 2024"
"ORD-10797","CUST-127","Patricia Brown","","male","Germany","Electronics","4","140.84","2040.91","Credit Card",""
"ORD-12485","CUST-332","Linda Garcia","","F","","","9","382.48","","PayPal","2024-01-15"
"ORD-12265","CUST-385","Elizabeth Davis","","","Canada","","","112.17","295.20","Credit Card","2024-04-05"
"ORD-12105","CUST-217","Elizabeth Davis","61","female","","","","40.14","873.25","PayPal",""
"ORD-10819","CUST-430","David Miller","23","Female","United Kingdom","Sports","9","349.30","1989.05","Bank Transfer",""
"ORD-12087","CUST-145","John Smith ","","male","France","Beauty","10","186.98","717.48","PAYPAL","2024-04-05"
"ORD-12370","CUST-315","John Smith ","","Male","United Kingdom","Sports","","201.10","393.31","credit card","2024-04-05"
"ORD-10975","CUST-246","MARY JOHNSON","","Male","United Kingdom","Books","6","382.98","","PAYPAL",""
"ORD-10421","CUST-135","John Smith ","27","Male","United Kingdom","Home & Kitchen","","195.77","","PayPal","March 10 2024"
"ORD-12681","CUST-230","John Smith ","59","F","France","Clothing","10","404.16","1232.63","PayPal","2024/02/20"
"ORD-11473","CUST-163","Robert Williams","38","","Canada","CLOTHING","","341.56","149.11","PAYPAL","2024-04-05"
"ORD-12718","CUST-283","Patricia Brown","","F","UK","Electronics","6","432.01","","credit card","2024-01-15"
"ORD-10137","CUST-302","David Miller","68","female","Germany","","3","453.79","996.57","Cash on Delivery","2024-04-05"
"ORD-10002","CUST-309","","","M","","","5","","","","2024-04-05"
"ORD-10294","CUST-465","Elizabeth Davis","","Male","U.S.A.","Clothing","4","","","",""
"ORD-12376","CUST-251","Mary Johnson","","female","us","Beauty","2","373.19","304.94","","2024-01-15"
"ORD-12096","CUST-167","","60","female","U.S.A.","Books","3","360.42","1421.18","PayPal","March 10 2024"
"ORD-12684","CUST-217","","35","male","UK","","","338.39","90.52","","2024/02/20"
"ORD-11066","CUST-127","Linda Garcia","","","","Home & Kitchen","3","","472.29","","March 10 2024"
"ORD-10722","CUST-207","john smith","","","UK","Beauty","999","315.89","2090.50","","2024-04-05"
"ORD-11441","CUST-238","michael jones","-5","M","","Sports","7","","1894.19","","15/01/2024"
"ORD-11778","CUST-222","Robert Williams","70","female","United Kingdom","Electronics","9","409.90","2121.38","","15/01/2024"
"ORD-11661","CUST-140","","","","us","Electronics","5","369.55","1457.34","credit card","15/01/2024"
"ORD-12127","CUST-159","","71","male","USA","Electronics","10","","","Bank Transfer","March 10 2024"
"ORD-12892","CUST-285","","69","UNKNOWN","Canada","Beauty","","332.11","1278.99","Credit Card","2024-04-05"
"ORD-10512","CUST-306","Elizabeth Davis","57","Female","Canada","","2","161.45","1485.89","","15/01/2024"
"ORD-11828","CUST-339","","","male","","CLOTHING","8","","1360.46","credit card","2024/02/20"
"ORD-11209","CUST-350","Patricia Brown","51","F","","","7","","","","2024-01-15"
"ORD-10689","CUST-204","","-5","male","","Beauty","1","","2296.51","Credit Card","2024-04-05"
"ORD-12019","CUST-205","","","F","","Home & Kitchen","9","","841.89","Cash on Delivery","2024-01-15"
"ORD-12543","CUST-412","john smith","49","male","United States","Sports","2","15000","","","2024-04-05"
"ORD-10874","CUST-492","MARY JOHNSON","62","Female","UK","","2","","2107.69","PAYPAL",""
"ORD-11576","CUST-343","MARY JOHNSON","35","","","Books","","403.71","","PAYPAL","2024-01-15"
"ORD-10597","CUST-352","","20","M","Canada","","8","","1394.01","Bank Transfer",""
"ORD-12819","CUST-110","john smith","49","","Germany","Beauty","","176.53","","","15/01/2024"
"ORD-12230","CUST-278","Robert Williams","48","female","France","Clothing","","171.93","494.84","PayPal","15/01/2024"
"ORD-11962","CUST-436","john smith","56","","Canada","Clothing","","","759.98","credit card","15/01/2024"
"ORD-12668","CUST-356","Patricia Brown","22","Male","United Kingdom","elec","9","363.64","157.98","Credit Card","15/01/2024"
"ORD-12009","CUST-142","","40","Male","","","5","87.21","2139.53","Bank Transfer",""
"ORD-10567","CUST-194","","65","","Germany","CLOTHING","","371.09","625.90","Cash on Delivery","15/01/2024"
"ORD-10633","CUST-484","MARY JOHNSON","47","F","","Home & Kitchen","6","70.40","526.98","Cash on Delivery","2024-04-05"
"ORD-11848","CUST-285","","","M","U.S.A.","Home & Kitchen","3","33.85","2221.75","Cash on Delivery","March 10 2024"
"ORD-11873","CUST-457","Elizabeth Davis","37","female","France","elec","9","153.18","1497.10","credit card","15/01/2024"
"ORD-11722","CUST-251","michael jones","","female","Germany","Home & Kitchen","1","257.10","1277.03","credit card","2024-04-05"
"ORD-10087","CUST-407","Elizabeth Davis","","M","USA","Beauty","7","493.51","1647.98","","March 10 2024"
"ORD-12712","CUST-228","","","UNKNOWN","us","Sports","5","476.37","","Cash on Delivery","2024-01-15"
"ORD-12322","CUST-402","MARY JOHNSON","19","male","USA","Home & Kitchen","9","374.30","302.84","Bank Transfer","2024-01-15"
"ORD-11297","CUST-463","Linda Garcia","73","female","us","Books","3","219.22","602.07","","2024-01-15"
"ORD-11029","CUST-132","John Smith ","","UNKNOWN","Germany","","4","146.09","211.56","Credit Card","2024/02/20"
"ORD-12831","CUST-452","Patricia Brown","","F","Germany","","","","1850.32","PAYPAL","2024-04-05"
"ORD-12508","CUST-354","MARY JOHNSON","49","female","UK","Books","4","29.23","1577.26","credit card","2024-04-05"
"ORD-11989","CUST-440","","","","USA","Home & Kitchen","10","99.28","304.52","Bank Transfer",""
"ORD-11329","CUST-493","john smith","36","male","Canada","Home & Kitchen","9","","1068.49","PayPal","2024-01-15"
"ORD-11074","CUST-152","Linda Garcia","65","M","","Beauty","4","445.02","1546.21","credit card","March 10 2024"
"ORD-11288","CUST-227","Patricia Brown","64","F","United States","Electronics","10","96.35","","Cash on Delivery","2024-04-05"
"ORD-11464","CUST-203","Mary Johnson","-5","Male","Germany","Sports","10","222.43","2239.42","","March 10 2024"
"ORD-12406","CUST-465","MARY JOHNSON","73","Male","France","","2","257.22","1783.29","","2024-01-15"
"ORD-10827","CUST-228","","","female","United Kingdom","","","333.07","","Bank Transfer",""
"ORD-11922","CUST-349","Robert Williams","","Female","USA","Sports","9","","","",""
"ORD-12643","CUST-391","Patricia Brown","73","Female","U.S.A.","Beauty","","469.23","799.27","credit card","March 10 2024"
"ORD-10651","CUST-247","","-5","M","Germany","Sports","","390.23","1716.05","PayPal","March 10 2024"
"ORD-10075","CUST-360","Robert Williams","","M","Germany","","6","","","credit card","2024-04-05"
"ORD-10243","CUST-129","Elizabeth Davis","180","","UK","Sports","2","","1690.25","PAYPAL","15/01/2024"
"ORD-12534","CUST-474","Mary Johnson","35","UNKNOWN","United States","Home & Kitchen","","","527.13","","2024/02/20"
"ORD-12711","CUST-436","","39","","","Beauty","7","","517.14","PayPal","2024-04-05"
"ORD-11533","CUST-422","Patricia Brown","26","","Canada","","2","52.02","","Bank Transfer","2024-01-15"
"ORD-12426","CUST-106","John Smith ","27","","Germany","Electronics","2","","","PayPal","2024-04-05"
"ORD-12014","CUST-266","michael jones","","UNKNOWN","Canada","CLOTHING","9","253.31","571.93","PayPal","2024-01-15"
"ORD-11215","CUST-364","David Miller","66","female","us","elec","10","57.31","1568.57","Credit Card",""
"ORD-12335","CUST-120","Mary Johnson","32","M","USA","Home & Kitchen","4","","","PayPal","2024/02/20"
"ORD-10742","CUST-424","Mary Johnson","67","","U.S.A.","Sports","5","115.09","2046.74","PayPal",""
"ORD-12764","CUST-156","","51","","Canada","Beauty","3","65.03","122.31","Cash on Delivery","2024-04-05"
"ORD-10735","CUST-436","Patricia Brown","74","male","UK","Clothing","3","60.50","1574.55","PAYPAL","2024/02/20"
"ORD-11452","CUST-282","John Smith ","","F","us","Sports","10","","","PayPal",""
"ORD-10084","CUST-133","MARY JOHNSON","69","F","UK","Clothing","10","413.53","995.12","Bank Transfer","March 10 2024"
"ORD-11640","CUST-219","Linda Garcia","29","UNKNOWN","United States","","4","","762.68","",""
"ORD-11020","CUST-197","","-5","UNKNOWN","U.S.A.","","-10","209.87","296.57","","2024-04-05"
"ORD-12692","CUST-219","","26","M","","Home & Kitchen","","15000","1569.44","","2024/02/20"
"ORD-10854","CUST-100","Mary Johnson","180","Male","","Home & Kitchen","9","227.28","2281.36","","15/01/2024"
"ORD-11503","CUST-433","john smith","73","","","Clothing","3","","502.57","Bank Transfer","2024-04-05"
"ORD-12599","CUST-103","MARY JOHNSON","20","male","France","Books","6","427.82","","credit card","15/01/2024"
"ORD-12605","CUST-212","michael jones","","F","Canada","Beauty","","439.28","54.38","PayPal",""
"ORD-10331","CUST-466","Patricia Brown","46","Female","United States","Beauty","9","15000","1162.01","","15/01/2024"
"ORD-11656","CUST-170","Patricia Brown","52","","United States","Sports","4","169.92","","PayPal","2024/02/20"
"ORD-11585","CUST-164","michael jones","29","","United States","Electronics","10","303.94","424.63","credit card",""
"ORD-10168","CUST-381","David Miller","40","Female","UK","","4","","258.69","","2024-04-05"
"ORD-12085","CUST-451","John Smith ","","","","","3","230.82","228.43","Bank Transfer","15/01/2024"
"ORD-12935","CUST-328","Linda Garcia","180","Female","United Kingdom","Books","9","24.14","1041.77","Bank Transfer",""
"ORD-10575","CUST-443","Mary Johnson","51","","UK","","1","45.58","2396.42","",""
"ORD-12904","CUST-130","john smith","","","us","","10","285.43","","Cash on Delivery","2024/02/20"
"ORD-12525","CUST-428","Linda Garcia","38","female","","Sports","","395.74","","Cash on Delivery","2024-01-15"
"ORD-11854","CUST-314","David Miller","75","F","United States","Beauty","","198.96","","PAYPAL","15/01/2024"
"ORD-12585","CUST-240","michael jones","","UNKNOWN","USA","Beauty","6","","2337.64","","March 10 2024"
"ORD-12308","CUST-211","Linda Garcia","40","","","Beauty","3","317.00","2348.70","Bank Transfer","2024-04-05"
"ORD-10897","CUST-479","Linda Garcia","","M","United States","Sports","5","321.17","1632.24","Credit Card",""
"ORD-12760","CUST-426","John Smith ","63","F","France","Electronics","","336.36","107.19","PayPal","15/01/2024"
"ORD-10786","CUST-311","","69","Male","us","Electronics","","216.76","1614.73","Credit Card","March 10 2024"
"ORD-12943","CUST-232","Robert Williams","","Male","UK","Home & Kitchen","3","400.02","","PayPal",""
"ORD-10391","CUST-344","","","female","us","elec","3","365.51","1136.30","Bank Transfer","2024/02/20"
"ORD-12560","CUST-302","","45","female","","Books","1","15000","422.70","Cash on Delivery",""
"ORD-10810","CUST-306","michael jones","21","M","United Kingdom","Home & Kitchen","7","287.44","1014.24","credit card",""
"ORD-12031","CUST-349","John Smith ","180","M","","Home & Kitchen","999","","","Cash on Delivery",""
"ORD-12131","CUST-461","John Smith ","-5","","United Kingdom","Books","-10","","1792.50","","15/01/2024"
"ORD-10579","CUST-252","Robert Williams","56","male","U.S.A.","Sports","8","396.62","","Bank Transfer","15/01/2024"
"ORD-12581","CUST-119","","","female","us","Clothing","3","","","Credit Card","2024-04-05"
"ORD-10711","CUST-286","John Smith ","50","Male","USA","","3","33.11","2022.49","Cash on Delivery","March 10 2024"
"ORD-12721","CUST-415","Linda Garcia","32","male","United States","Books","7","438.42","878.34","Cash on Delivery","March 10 2024"
"ORD-12121","CUST-231","Robert Williams","52","M","Canada","Books","5","93.78","","Cash on Delivery","2024-04-05"
"ORD-12094","CUST-161","Patricia Brown","29","","UK","CLOTHING","","79.59","1489.44","Credit Card","2024-04-05"
"ORD-10021","CUST-377","michael jones","65","male","Germany","elec","-10","180.74","515.25","Bank Transfer","March 10 2024"
"ORD-10348","CUST-178","Robert Williams","57","","","elec","1","486.81","1941.95","","2024/02/20"
"ORD-11980","CUST-179","john smith","","Female","United States","","9","143.98","","Bank Transfer","2024-01-15"
"ORD-11546","CUST-350","michael jones","","male","U.S.A.","Clothing","3","84.77","1354.25","Cash on Delivery","2024-01-15"
"ORD-12826","CUST-214","John Smith ","24","Female","UK","Electronics","5","","","Bank Transfer","2024-01-15"
"ORD-10009","CUST-192","John Smith ","69","","U.S.A.","elec","6","387.93","1711.77","PayPal","March 10 2024"
"ORD-11312","CUST-204","Mary Johnson","41","Female","Canada","Clothing","","106.11","918.21","Credit Card","2024-04-05"
"ORD-10674","CUST-296","John Smith ","67","Female","USA","","","","","Bank Transfer",""
"ORD-10497","CUST-218","Mary Johnson","","Female","Canada","Beauty","","","498.59","PAYPAL","March 10 2024"
"ORD-10490","CUST-436","David Miller","65","Female","United States","Beauty","","120.30","880.12","Bank Transfer","2024/02/20"
"ORD-11099","CUST-262","","66","Female","UK","","3","408.30","2377.58","","2024/02/20"
"ORD-11456","CUST-261","","","Male","United Kingdom","CLOTHING","","15000","2370.61","","March 10 2024"
"ORD-11760","CUST-225","Patricia Brown","56","M","USA","Sports","7","98.74","","",""
"ORD-11011","CUST-358","","71","F","United States","Sports","","","369.65","Credit Card","March 10 2024"
"ORD-11244","CUST-120","Linda Garcia","","","United States","Sports","8","198.57","","Credit Card","2024-01-15"
"ORD-12752","CUST-415","john smith","","F","France","Clothing","1","153.14","1419.33","PayPal","March 10 2024"
"ORD-11852","CUST-157","","64","Female","United Kingdom","","7","288.97","1321.73","PAYPAL","15/01/2024"
"ORD-12539","CUST-361","Linda Garcia","66","","United States","Clothing","9","370.85","","PAYPAL","15/01/2024"
"ORD-11041","CUST-299","Elizabeth Davis","38","female","United States","elec","4","","","PAYPAL","15/01/2024"
"ORD-11107","CUST-172","Linda Garcia","66","","","Electronics","2","366.11","1407.28","","2024/02/20"
"ORD-10187","CUST-353","MARY JOHNSON","34","","France","CLOTHING","8","147.61","24.98","Bank Transfer","March 10 2024"
"ORD-11806","CUST-184","","28","M","U.S.A.","Clothing","4","451.54","766.24","Cash on Delivery","15/01/2024"
"ORD-10182","CUST-225","","","male","U.S.A.","CLOTHING","7","274.66","1287.10","","2024-01-15"
"ORD-11967","CUST-110","Robert Williams","33","","USA","Electronics","3","","","","2024-01-15"
"ORD-12112","CUST-376","","70","M","Canada","CLOTHING","1","244.18","1699.78","PAYPAL","2024/02/20"
"ORD-12416","CUST-100","MARY JOHNSON","50","","U.S.A.","Clothing","10","346.06","","",""
"ORD-12183","CUST-330","Patricia Brown","","female","United Kingdom","","","90.99","","Bank Transfer","March 10 2024"
"ORD-10559","CUST-164","David Miller","","Male","USA","","","243.67","1791.99","",""
"ORD-12719","CUST-442","Elizabeth Davis","","Female","France","Beauty","","473.56","1581.96","",""
"ORD-11426","CUST-284","","","male","","","","","1667.29","Bank Transfer",""
"ORD-10569","CUST-208","John Smith ","57","M","France","Beauty","","","","Cash on Delivery",""
"ORD-11350","CUST-314","John Smith ","72","M","United Kingdom","Electronics","9","381.28","378.27","PayPal","March 10 2024"
"ORD-12875","CUST-259","John Smith ","","Male","Germany","Clothing","6","15000","","","2024-04-05"
"ORD-12926","CUST-296","Robert Williams","29","Male","","","7","","2305.16","Bank Transfer","2024-04-05"
"ORD-10654","CUST-353","Patricia Brown","","","UK","Clothing","","359.70","","Credit Card","2024-01-15"
"ORD-11400","CUST-110","","","Male","","elec","3","90.49","","PayPal","2024-04-05"
"ORD-10080","CUST-479","Robert Williams","","","U.S.A.","CLOTHING","","339.16","1453.88","Cash on Delivery","15/01/2024"
"ORD-12594","CUST-470","Elizabeth Davis","","F","","Home & Kitchen","10","","1463.24","",""
"ORD-12727","CUST-292","michael jones","63","male","Germany","CLOTHING","5","28.94","582.66","PAYPAL","15/01/2024"
"ORD-12744","CUST-444","John Smith ","37","female","UK","Books","8","172.53","","Bank Transfer","2024/02/20"
"ORD-11002","CUST-416","john smith","","Male","UK","CLOTHING","","326.06","1557.19","","March 10 2024"
"ORD-11114","CUST-379","Mary Johnson","59","","U.S.A.","Electronics","10","","","Bank Transfer",""
"ORD-11325","CUST-436","Patricia Brown","58","UNKNOWN","Canada","elec","3","256.45","421.53","PayPal","2024-01-15"
"ORD-12737","CUST-483","David Miller","71","","Germany","Beauty","9","450.13","1303.14","Cash on Delivery","2024-04-05"
"ORD-11765","CUST-315","David Miller","33","M","France","elec","5","121.82","923.80","","March 10 2024"
"ORD-10734","CUST-135","Elizabeth Davis","42","","","Beauty","4","85.73","1913.54","Credit Card","15/01/2024"
"ORD-10775","CUST-203","David Miller","64","male","Germany","Sports","4","155.90","1757.81","Cash on Delivery","15/01/2024"
"ORD-10565","CUST-455","Patricia Brown","64","","Canada","elec","5","313.02","1673.23","PAYPAL","15/01/2024"
"ORD-10708","CUST-295","","35","Female","USA","Books","4","","2412.61","Bank Transfer","2024/02/20"
"ORD-11785","CUST-358","Robert Williams","","female","United States","Clothing","5","415.21","139.59","credit card","2024/02/20"
"ORD-12746","CUST-133","David Miller","","UNKNOWN","France","Sports","","","","Cash on Delivery","15/01/2024"
"ORD-12980","CUST-414","Mary Johnson","","Female","UK","Electronics","5","","","Bank Transfer","March 10 2024"
"ORD-11469","CUST-194","Linda Garcia","48","","UK","CLOTHING","5","487.58","1071.54","Cash on Delivery","2024/02/20"
"ORD-12107","CUST-270","David Miller","","female","","","5","162.89","","Cash on Delivery","15/01/2024"
"ORD-12930","CUST-126","","","female","Germany","elec","","","325.86","Credit Card",""
"ORD-10618","CUST-247","john smith","","female","","","","436.29","","PAYPAL",""
"ORD-12457","CUST-491","john smith","59","UNKNOWN","France","Clothing","1","348.38","1157.80","PayPal","2024-04-05"
"ORD-12273","CUST-141","","59","","Germany","Clothing","","","","Cash on Delivery",""
"ORD-11625","CUST-246","","180","female","Canada","CLOTHING","9","33.94","954.11","","2024-04-05"
"ORD-11578","CUST-431","","30","","Germany","Home & Kitchen","1","","747.10","Credit Card","2024-04-05"
"ORD-10092","CUST-284","","31","F","U.S.A.","Sports","","","2361.34","Credit Card","2024/02/20"
"ORD-12869","CUST-148","john smith","70","","USA","elec","9","34.89","","","15/01/2024"
"ORD-12890","CUST-482","MARY JOHNSON","40","M","","Clothing","3","379.36","","Cash on Delivery","2024-04-05"
"ORD-10483","CUST-466","MARY JOHNSON","65","male","France","Clothing","3","479.44","358.50","PAYPAL","2024-04-05"
"ORD-11995","CUST-420","","34","female","us","Books","3","","257.14","PAYPAL",""
"ORD-10160","CUST-157","John Smith ","36","Female","United States","","5","15000","590.28","PayPal","15/01/2024"
"ORD-10859","CUST-406","john smith","","Male","United Kingdom","CLOTHING","5","341.35","1142.67","Bank Transfer",""
"ORD-12185","CUST-310","michael jones","29","Male","United Kingdom","elec","4","398.86","2011.09","credit card","2024-01-15"
"ORD-12644","CUST-321","Patricia Brown","","M","UK","elec","3","405.53","390.00","credit card","2024-04-05"
"ORD-11658","CUST-358","michael jones","46","F","Germany","Books","4","","","credit card","2024/02/20"
"ORD-11920","CUST-315","Mary Johnson","35","Female","Canada","elec","","363.95","2271.92","Bank Transfer","15/01/2024"
"ORD-10392","CUST-126","Elizabeth Davis","68","M","U.S.A.","elec","10","233.23","665.50","Bank Transfer","15/01/2024"
"ORD-10648","CUST-367","","18","Female","Germany","","","","","","March 10 2024"
"ORD-11546","CUST-350","michael jones","","male","U.S.A.","Clothing","3","84.77","1354.25","Cash on Delivery","2024-01-15"
"ORD-10665","CUST-412","john smith","","","Germany","Beauty","8","","","Bank Transfer","2024/02/20"
"ORD-12372","CUST-210","MARY JOHNSON","","Female","","Sports","10","40.07","1222.46","","2024/02/20"
"ORD-12914","CUST-386","Linda Garcia","47","M","United States","","","480.18","1106.31","PAYPAL",""
"ORD-12343","CUST-239","Linda Garcia","","Male","United Kingdom","Beauty","","","2105.43","PAYPAL","2024-04-05"
"ORD-11311","CUST-319","Patricia Brown","43","","Canada","Clothing","3","","1077.31","Bank Transfer","2024-04-05"
"ORD-10045","CUST-347","John Smith ","45","","us","","7","250.16","625.25","PAYPAL","15/01/2024"
"ORD-10572","CUST-257","David Miller","34","F","","Electronics","1","415.79","","credit card","2024-01-15"
"ORD-11711","CUST-101","Patricia Brown","35","M","U.S.A.","","","265.84","1324.22","","2024-01-15"
"ORD-12542","CUST-440","","","Male","","","","77.04","72.35","",""
"ORD-10698","CUST-335","Robert Williams","65","female","","Books","6","289.89","2116.60","Cash on Delivery","March 10 2024"
"ORD-10226","CUST-361","David Miller","","Male","United Kingdom","","9","309.71","625.56","PayPal",""
"ORD-11262","CUST-425","MARY JOHNSON","56","female","USA","Electronics","3","","893.95","Cash on Delivery","March 10 2024"
"ORD-10161","CUST-242","","32","male","France","Books","5","171.76","","Cash on Delivery","2024-01-15"
"ORD-10403","CUST-445","Patricia Brown","45","Male","USA","Home & Kitchen","7","31.13","1457.44","PayPal","15/01/2024"
"ORD-12068","CUST-171","","44","","us","","","26.54","1924.55","Credit Card","15/01/2024"
"ORD-10425","CUST-244","","32","UNKNOWN","Canada","elec","","238.41","425.46","","2024-01-15"
"ORD-12153","CUST-310","john smith","20","M","","CLOTHING","","19.66","74.04","Cash on Delivery","2024-01-15"
"ORD-11744","CUST-404","Linda Garcia","","M","UK","Sports","4","","138.24","PAYPAL",""
"ORD-11644","CUST-160","michael jones","72","Male","United States","Books","8","375.81","2304.69","PAYPAL","2024-04-05"
"ORD-12840","CUST-114","Patricia Brown","31","","USA","Sports","","13.22","774.88","",""
"ORD-10337","CUST-126","John Smith ","51","Female","United Kingdom","Sports","","","621.58","Credit Card","15/01/2024"
"ORD-10158","CUST-172","Robert Williams","51","F","United Kingdom","Electronics","1","","2039.08","Credit Card","2024-04-05"
"ORD-10506","CUST-119","Patricia Brown","34","female","United Kingdom","","","","2287.31","Cash on Delivery","15/01/2024"
"ORD-11680","CUST-453","John Smith ","46","","us","CLOTHING","10","","923.71","credit card","15/01/2024"
"ORD-10261","CUST-239","","59","UNKNOWN","United Kingdom","Home & Kitchen","9","189.01","1454.43","PayPal","2024-01-15"
"ORD-12104","CUST-471","Robert Williams","58","Female","USA","","","144.28","517.12","Cash on Delivery","2024/02/20"
"ORD-12803","CUST-127","","48","","U.S.A.","Home & Kitchen","3","","2085.92","PAYPAL",""
"ORD-10317","CUST-387","","43","female","United States","Beauty","8","218.91","491.84","Cash on Delivery","15/01/2024"
"ORD-11243","CUST-420","john smith","64","male","UK","CLOTHING","9","387.41","256.09","Credit Card",""
"ORD-10803","CUST-412","Mary Johnson","64","Male","France","CLOTHING","3","215.82","","PAYPAL",""
"ORD-12779","CUST-349","John Smith ","35","UNKNOWN","United Kingdom","CLOTHING","","338.82","2384.51","PayPal","2024/02/20"
"ORD-10724","CUST-407","Mary Johnson","39","UNKNOWN","us","Books","6","142.46","","Bank Transfer",""
"ORD-12632","CUST-348","","","M","United Kingdom","Home & Kitchen","5","371.63","","PAYPAL","2024-01-15"
"ORD-10889","CUST-497","Robert Williams","73","female","","Home & Kitchen","9","68.94","","",""
"ORD-10222","CUST-401","Patricia Brown","32","UNKNOWN","France","Sports","1","38.88","","",""
"ORD-11527","CUST-320","john smith","74","M","Canada","Electronics","9","125.83","1526.43","Bank Transfer","2024-04-05"
"ORD-11327","CUST-298","Patricia Brown","66","","","","","228.27","115.24","Credit Card","March 10 2024"
"ORD-11390","CUST-469","Robert Williams","46","Female","Canada","","5","","929.88","PayPal","2024/02/20"
"ORD-12268","CUST-137","John Smith ","","UNKNOWN","us","Clothing","4","20.56","1316.76","credit card",""
"ORD-10333","CUST-371","michael jones","31","Female","Canada","","4","295.03","338.74","Credit Card","2024-01-15"
"ORD-11328","CUST-314","Elizabeth Davis","27","female","Canada","Sports","","","1276.90","Cash on Delivery","2024/02/20"
"ORD-10284","CUST-151","Robert Williams","34","F","France","","9","464.41","406.99","Bank Transfer","15/01/2024"
"ORD-12811","CUST-163","john smith","47","","UK","elec","1","437.96","1935.09","credit card","2024-01-15"
"ORD-11843","CUST-235","David Miller","63","","","Electronics","7","293.60","755.68","","2024-04-05"
"ORD-12178","CUST-135","Linda Garcia","49","UNKNOWN","us","Sports","5","15000","547.76","Cash on Delivery","2024-04-05"
"ORD-12762","CUST-390","MARY JOHNSON","29","Female","UK","Beauty","9","","431.60","","15/01/2024"
"ORD-12639","CUST-217","michael jones","","M","United States","","","","284.10","PAYPAL","2024-01-15"
"ORD-10236","CUST-368","Elizabeth Davis","","Female","USA","elec","","481.41","1430.03","Credit Card",""
"ORD-11804","CUST-193","john smith","64","F","U.S.A.","Beauty","7","","","Cash on Delivery","15/01/2024"
"ORD-11496","CUST-175","Robert Williams","","F","","Clothing","2","495.81","1559.90","","2024-04-05"
"ORD-12862","CUST-285","Patricia Brown","61","M","UK","","6","","","Cash on Delivery","March 10 2024"
"ORD-10482","CUST-286","","","UNKNOWN","United Kingdom","","","373.19","","Bank Transfer","15/01/2024"
"ORD-12405","CUST-242","Patricia Brown","","male","U.S.A.","CLOTHING","5","","75.94","credit card","March 10 2024"
"ORD-11957","CUST-398","Patricia Brown","25","Female","U.S.A.","Books","8","308.32","778.77","","2024-04-05"
"ORD-12874","CUST-146","Elizabeth Davis","59","Male","USA","Books","","229.02","663.20","Cash on Delivery","March 10 2024"
"ORD-10571","CUST-170","","180","M","Germany","Sports","1","122.66","2361.08","PAYPAL",""
"ORD-10272","CUST-495","","66","","UK","Clothing","2","338.94","","PayPal",""
"ORD-11529","CUST-187","","","F","Canada","Sports","4","292.05","2107.77","","15/01/2024"
"ORD-12587","CUST-385","","28","M","U.S.A.","Home & Kitchen","6","","194.58","","2024-04-05"
"ORD-11687","CUST-125","","18","male","France","","6","458.16","","Cash on Delivery","2024-01-15"
"ORD-11869","CUST-388","Patricia Brown","29","Male","USA","CLOTHING","","301.63","862.12","Cash on Delivery","15/01/2024"
"ORD-12740","CUST-110","Linda Garcia","","","","Clothing","","132.00","2244.56","credit card",""
"ORD-10578","CUST-417","Patricia Brown","27","","","Home & Kitchen","9","167.64","421.42","Credit Card","2024/02/20"
"ORD-10608","CUST-450","Patricia Brown","","","Germany","Books","4","","","","15/01/2024"
"ORD-11009","CUST-252","john smith","58","","us","Home & Kitchen","4","","","Bank Transfer","15/01/2024"
"ORD-12306","CUST-224","","","Male","Germany","Electronics","2","233.17","","Credit Card","2024-04-05"
"ORD-11234","CUST-408","","","","USA","Beauty","1","","1769.00","credit card","March 10 2024"
"ORD-12917","CUST-273","michael jones","20","female","Canada","Sports","","92.33","","PAYPAL","March 10 2024"
"ORD-11879","CUST-328","John Smith ","53","M","United Kingdom","elec","4","68.49","125.74","PayPal","15/01/2024"
"ORD-12497","CUST-115","john smith","28","male","France","Clothing","4","175.05","568.04","PayPal","15/01/2024"
"ORD-10680","CUST-337","john smith","30","F","United Kingdom","CLOTHING","","","2182.75","","March 10 2024"
"ORD-10704","CUST-475","Robert Williams","23","Female","France","elec","6","243.03","","PAYPAL","March 10 2024"
"ORD-11133","CUST-330","","59","Male","USA","Electronics","1","251.38","","PAYPAL","15/01/2024"
"ORD-10917","CUST-185","John Smith ","","female","United Kingdom","Electronics","","224.48","76.12","PayPal","2024/02/20"
"ORD-11733","CUST-379","Patricia Brown","","M","UK","","7","","2132.08","Credit Card","2024-01-15"
"ORD-11419","CUST-448","Robert Williams","63","male","Canada","Beauty","9","","","Credit Card","15/01/2024"
"ORD-10637","CUST-178","Linda Garcia","69","","Germany","Electronics","9","272.72","1263.23","PayPal","2024-04-05"
"ORD-10598","CUST-139","MARY JOHNSON","","UNKNOWN","U.S.A.","Sports","","389.65","2324.68","PAYPAL","March 10 2024"
"ORD-12716","CUST-378","","71","male","Germany","CLOTHING","","","2308.47","","March 10 2024"
"ORD-11724","CUST-327","Patricia Brown","71","Female","Canada","Clothing","9","182.39","1291.62","","15/01/2024"
"ORD-12223","CUST-454","Linda Garcia","55","F","us","Home & Kitchen","","432.08","1136.44","credit card","2024-01-15"
"ORD-12440","CUST-174","","74","female","","CLOTHING","2","471.00","","PayPal",""
"ORD-11835","CUST-189","john smith","","male","United States","Clothing","9","","1544.48","PAYPAL","2024-01-15"
"ORD-12671","CUST-366","Linda Garcia","","","","","9","","1936.61","Cash on Delivery","2024-04-05"
"ORD-12419","CUST-226","Elizabeth Davis","-5","UNKNOWN","UK","CLOTHING","1","","","Bank Transfer","March 10 2024"
"ORD-11461","CUST-206","John Smith ","34","M","Canada","CLOTHING","5","173.02","1803.11","Cash on Delivery","2024-04-05"
"ORD-11711","CUST-101","Patricia Brown","35","M","U.S.A.","","","265.84","1324.22","","2024-01-15"
"ORD-11223","CUST-486","","63","M","U.S.A.","Clothing","1","","","","2024/02/20"
"ORD-11809","CUST-281","Linda Garcia","39","","United Kingdom","Books","8","44.93","","PAYPAL","March 10 2024"
"ORD-11938","CUST-468","Linda Garcia","64","","United States","Clothing","","","","Cash on Delivery","15/01/2024"
"ORD-10591","CUST-163","","63","","United States","Electronics","9","","522.60","credit card",""
"ORD-12300","CUST-265","","45","F","U.S.A.","Books","999","20.00","2309.12","",""
"ORD-10663","CUST-105","","","Female","United Kingdom","","","","266.99","PAYPAL","2024-04-05"
"ORD-10299","CUST-101","Elizabeth Davis","60","","","CLOTHING","","311.95","1211.74","",""
"ORD-12063","CUST-232","","65","F","Germany","CLOTHING","6","129.62","","Cash on Delivery",""
"ORD-11455","CUST-275","David Miller","60","UNKNOWN","Germany","Electronics","9","397.07","2195.13","credit card","2024-01-15"
"ORD-10826","CUST-417","","25","female","United States","Electronics","999","","","","2024/02/20"
"ORD-10334","CUST-163","MARY JOHNSON","19","","France","Beauty","1","491.87","358.89","PAYPAL","2024/02/20"
"ORD-11672","CUST-265","Elizabeth Davis","41","","","Beauty","9","446.63","2112.26","","2024-04-05"
"ORD-12637","CUST-368","Mary Johnson","","","United States","elec","8","371.92","878.57","Cash on Delivery","2024-04-05"
"ORD-12423","CUST-378","","","Female","United Kingdom","","9","297.39","521.64","PayPal","15/01/2024"
"ORD-11784","CUST-368","MARY JOHNSON","","","United Kingdom","Clothing","7","","258.47","Cash on Delivery","15/01/2024"
"ORD-11737","CUST-454","Patricia Brown","180","female","Germany","","1","","","credit card","March 10 2024"
"ORD-12689","CUST-241","MARY JOHNSON","","F","United States","","","144.29","","PayPal","2024/02/20"
"ORD-10346","CUST-197","John Smith ","51","","","Home & Kitchen","2","","1580.55","Cash on Delivery","2024/02/20"
"ORD-10718","CUST-358","Mary Johnson","22","","United Kingdom","Beauty","","499.01","","","15/01/2024"
"ORD-11077","CUST-245","Patricia Brown","50","male","Germany","elec","1","","935.41","","March 10 2024"
"ORD-12191","CUST-411","john smith","180","female","U.S.A.","Electronics","-10","455.30","","Bank Transfer","2024/02/20"
"ORD-11579","CUST-357","MARY JOHNSON","180","female","United Kingdom","Clothing","7","164.48","","credit card","2024-01-15"
"ORD-10536","CUST-118","John Smith ","49","UNKNOWN","United States","Electronics","5","30.61","","","15/01/2024"
"ORD-11032","CUST-428","John Smith ","24","female","","CLOTHING","8","25.02","649.73","PayPal","15/01/2024"
"ORD-12517","CUST-483","michael jones","45","UNKNOWN","Germany","Clothing","3","497.26","2039.21","","March 10 2024"
"ORD-12323","CUST-245","michael jones","56","F","U.S.A.","Beauty","6","124.08","","Cash on Delivery","2024-01-15"
"ORD-10165","CUST-378","Robert Williams","63","M","France","Sports","","30.15","115.08","PayPal","2024-01-15"
"ORD-12780","CUST-320","Mary Johnson","35","","France","Sports","","15000","2092.93","credit card","2024-04-05"
"ORD-11700","CUST-132","Robert Williams","180","female","Canada","Clothing","4","337.77","","","March 10 2024"
"ORD-12778","CUST-227","","31","","","","9","141.38","2321.34","","2024-01-15"
"ORD-11069","CUST-190","","28","M","UK","Electronics","","","2291.48","credit card","2024-01-15"
"ORD-12425","CUST-189","","73","Male","Germany","","9","373.29","","PayPal","2024-01-15"
"ORD-12895","CUST-372","","21","Male","","elec","8","35.67","1442.44","Credit Card","15/01/2024"
"ORD-12329","CUST-222","Elizabeth Davis","32","M","France","Sports","","","","Credit Card",""
"ORD-12824","CUST-187","michael jones","","male","UK","","999","218.21","","Credit Card","15/01/2024"
"ORD-10635","CUST-311","David Miller","","female","","Electronics","9","201.81","2143.71","",""
"ORD-11863","CUST-203","David Miller","61","female","United Kingdom","Sports","","97.49","1836.97","",""
"ORD-10472","CUST-405","Mary Johnson","25","","U.S.A.","Clothing","2","26.73","2155.68","Cash on Delivery","March 10 2024"
"ORD-12685","CUST-449","Elizabeth Davis","22","UNKNOWN","U.S.A.","Clothing","5","382.22","1849.19","credit card","2024/02/20"
"ORD-12246","CUST-165","","","UNKNOWN","","","","489.32","87.94","PAYPAL","2024-04-05"
"ORD-12150","CUST-264","Robert Williams","52","M","us","Books","9","51.10","1479.59","Cash on Delivery","March 10 2024"
"ORD-10833","CUST-469","john smith","67","Female","USA","Home & Kitchen","","","1949.76","PAYPAL","2024-01-15"
"ORD-11195","CUST-381","","38","UNKNOWN","United States","Clothing","4","217.23","856.02","PayPal","2024-04-05"
"ORD-12245","CUST-276","","","","Canada","Home & Kitchen","2","388.45","2213.60","","March 10 2024"
"ORD-12593","CUST-163","","","Female","","Books","10","","369.53","Cash on Delivery",""
"ORD-10722","CUST-207","john smith","","","UK","Beauty","999","315.89","2090.50","","2024-04-05"
"ORD-10113","CUST-392","Patricia Brown","59","UNKNOWN","Germany","","","479.04","51.50","Cash on Delivery","2024-01-15"
"ORD-12383","CUST-416","Elizabeth Davis","","male","Canada","Beauty","3","365.21","1803.02","Credit Card","2024-04-05"
"ORD-10040","CUST-375","","","","United States","elec","-10","171.56","","PayPal","2024-01-15"
"ORD-10003","CUST-363","michael jones","73","male","","Clothing","1","","2221.97","Cash on Delivery","2024-04-05"
"ORD-10056","CUST-137","Robert Williams","","","U.S.A.","Sports","2","","","credit card","March 10 2024"
"ORD-11990","CUST-363","Elizabeth Davis","41","M","U.S.A.","elec","10","455.62","","PayPal",""
"ORD-11773","CUST-289","John Smith ","21","","U.S.A.","Electronics","-10","369.16","","Credit Card","2024-04-05"
"ORD-11598","CUST-230","Robert Williams","","F","us","Sports","","471.05","2155.69","","2024/02/20"
"ORD-11901","CUST-145","Elizabeth Davis","40","F","","Books","","225.52","","PayPal","2024-01-15"
"ORD-10801","CUST-217","John Smith ","","F","Canada","Beauty","3","","756.87","PayPal","2024-01-15"
"ORD-10675","CUST-204","Patricia Brown","","","Germany","Sports","10","240.59","657.57","","2024/02/20"
"ORD-12677","CUST-318","","75","","Germany","Books","","307.08","","Credit Card","2024-01-15"
"ORD-12154","CUST-414","Linda Garcia","","male","USA","elec","1","445.60","952.21","","2024/02/20"
"ORD-11557","CUST-467","Robert Williams","29","F","France","Clothing","","131.83","","","15/01/2024"
"ORD-10743","CUST-204","Elizabeth Davis","49","Male","United States","Home & Kitchen","4","56.09","","credit card","15/01/2024"
"ORD-10467","CUST-374","Elizabeth Davis","33","","UK","CLOTHING","","252.91","365.33","","15/01/2024"
"ORD-12115","CUST-333","Robert Williams","68","M","UK","Beauty","1","262.11","1985.36","","2024/02/20"
"ORD-11364","CUST-174","Mary Johnson","","Female","United Kingdom","","2","107.14","1698.94","","March 10 2024"
"ORD-10823","CUST-459","Robert Williams","","female","","elec","5","436.52","","PAYPAL","March 10 2024"
"ORD-12809","CUST-184","","41","","United Kingdom","CLOTHING","5","422.57","","","March 10 2024"
"ORD-10795","CUST-360","Linda Garcia","-5","female","","CLOTHING","","26.94","1701.05","PayPal","March 10 2024"
"ORD-11979","CUST-217","","30","UNKNOWN","United States","Home & Kitchen","9","15000","1089.08","Cash on Delivery","2024-01-15"
"ORD-12877","CUST-324","","","F","","Books","3","80.61","2073.52","PAYPAL","2024-04-05"
"ORD-11759","CUST-236","David Miller","65","","U.S.A.","CLOTHING","4","157.08","1916.47","Cash on Delivery","March 10 2024"
"ORD-10811","CUST-453","Patricia Brown","","F","USA","Home & Kitchen","5","258.77","","Credit Card","2024-01-15"
"ORD-10916","CUST-466","john smith","","","U.S.A.","","4","","1227.38","PAYPAL","2024-01-15"
"ORD-11914","CUST-462","","43","","us","","2","431.71","","Bank Transfer","2024-04-05"
"ORD-11162","CUST-401","Elizabeth Davis","","Male","Canada","","5","","","","March 10 2024"
"ORD-10712","CUST-390","Linda Garcia","50","","United States","Sports","999","75.23","260.88","","March 10 2024"
"ORD-12576","CUST-347","Patricia Brown","27","female","United Kingdom","Electronics","999","","","","March 10 2024"
"ORD-11407","CUST-282","","42","female","United States","Electronics","5","186.96","357.54","PayPal","2024-04-05"
"ORD-11880","CUST-305","michael jones","31","M","us","","7","181.38","","",""
"ORD-12276","CUST-237","","57","male","U.S.A.","","3","","2055.29","PayPal","2024/02/20"
"ORD-10602","CUST-118","","65","male","France","Beauty","10","437.87","180.63","credit card","2024-01-15"
"ORD-12830","CUST-358","","66","F","France","","4","211.63","1249.28","PAYPAL","March 10 2024"
"ORD-12036","CUST-356","","34","Female","UK","Beauty","8","263.98","1947.99","Bank Transfer","2024-01-15"
"ORD-11354","CUST-178","John Smith ","","Male","","CLOTHING","6","310.90","","PayPal","2024/02/20"
"ORD-12038","CUST-333","Mary Johnson","","F","USA","","-10","381.16","189.94","Cash on Delivery",""
"ORD-12470","CUST-146","","","","United States","CLOTHING","8","347.03","247.29","",""
"ORD-11671","CUST-320","Mary Johnson","66","","","Beauty","","273.53","568.55","PAYPAL",""
"ORD-11678","CUST-487","Linda Garcia","","Male","USA","Beauty","","218.32","","Credit Card",""
"ORD-10288","CUST-121","John Smith ","68","UNKNOWN","USA","Books","3","462.49","2011.65","Bank Transfer","15/01/2024"
"ORD-10322","CUST-419","john smith","42","Male","United Kingdom","Electronics","3","244.75","994.51","Cash on Delivery","2024-04-05"
"ORD-11779","CUST-412","Linda Garcia","","Male","United States","","10","","1655.71","Bank Transfer","2024-01-15"
"ORD-11156","CUST-271","MARY JOHNSON","","Male","","Beauty","6","428.40","1186.03","credit card",""
"ORD-12573","CUST-416","David Miller","25","","France","Home & Kitchen","","","","credit card","15/01/2024"
"ORD-12308","CUST-211","Linda Garcia","40","","","Beauty","3","317.00","2348.70","Bank Transfer","2024-04-05"
"ORD-10694","CUST-125","Robert Williams","","","","CLOTHING","","","","PayPal","2024/02/20"
"ORD-11760","CUST-225","Patricia Brown","56","M","USA","Sports","7","98.74","","",""
"ORD-12734","CUST-384","Linda Garcia","64","male","us","elec","1","237.92","","Cash on Delivery",""
"ORD-11507","CUST-226","","50","F","us","","","","","Cash on Delivery","2024-01-15"
"ORD-10301","CUST-420","MARY JOHNSON","","M","USA","Beauty","","239.96","","PAYPAL","March 10 2024"
"ORD-10563","CUST-206","MARY JOHNSON","43","Male","United Kingdom","Clothing","-10","","170.47","","2024-01-15"
"ORD-10876","CUST-332","David Miller","34","F","Germany","Books","4","484.61","1004.90","","2024-01-15"
"ORD-11762","CUST-401","","","","","Books","9","226.26","992.25","PayPal","15/01/2024"
"ORD-10714","CUST-261","Elizabeth Davis","38","UNKNOWN","U.S.A.","Home & Kitchen","","370.09","","Bank Transfer","March 10 2024"
"ORD-11113","CUST-101","Robert Williams","22","M","France","","","69.69","775.04","","2024-01-15"
"ORD-11197","CUST-498","Mary Johnson","58","female","us","Beauty","8","132.05","796.64","","2024-01-15"
"ORD-11295","CUST-481","Mary Johnson","44","F","France","","","15000","","Cash on Delivery","March 10 2024"
"ORD-10422","CUST-171","Linda Garcia","","female","United Kingdom","Clothing","","352.41","","Bank Transfer","2024/02/20"
"ORD-10904","CUST-161","","52","M","Germany","Beauty","","15000","545.16","Cash on Delivery","2024-01-15"
"ORD-12099","CUST-106","Mary Johnson","71","","United States","Sports","7","281.27","","Cash on Delivery",""
"ORD-10198","CUST-123","","27","M","U.S.A.","CLOTHING","8","452.25","1760.46","",""
"ORD-10703","CUST-463","MARY JOHNSON","","Male","","","4","415.23","1557.35","Bank Transfer","15/01/2024"
"ORD-11654","CUST-440","MARY JOHNSON","18","M","France","Sports","","307.51","","","2024/02/20"
"ORD-12697","CUST-361","michael jones","","Male","Germany","Clothing","","131.62","2182.36","","2024-01-15"
"ORD-11159","CUST-151","MARY JOHNSON","38","F","United Kingdom","","9","74.81","","credit card","15/01/2024"
"ORD-12155","CUST-181","Patricia Brown","60","Male","","Sports","8","427.85","627.14","","15/01/2024"
"ORD-11968","CUST-351","Linda Garcia","23","female","","Clothing","","442.23","591.49","Bank Transfer","15/01/2024"
"ORD-10047","CUST-227","Elizabeth Davis","","","United States","Beauty","7","","1081.54","Cash on Delivery",""
"ORD-12466","CUST-300","","","Male","USA","CLOTHING","6","162.36","","PayPal","2024-04-05"
"ORD-11394","CUST-371","John Smith ","44","Male","U.S.A.","elec","4","382.69","","Credit Card",""
"ORD-10949","CUST-463","Patricia Brown","","UNKNOWN","UK","Beauty","5","239.46","2286.77","Credit Card","March 10 2024"
"ORD-11177","CUST-252","","46","UNKNOWN","USA","Books","8","","","PAYPAL","2024-01-15"
"ORD-11650","CUST-136","","74","","","","2","483.43","968.44","Bank Transfer","2024/02/20"
"ORD-10031","CUST-326","David Miller","49","F","USA","","9","","","Credit Card","2024-01-15"
"ORD-11846","CUST-203","","75","","Canada","Home & Kitchen","3","","1060.50","PayPal","March 10 2024"
"ORD-11587","CUST-393","","72","","UK","Books","8","","","Cash on Delivery","2024-04-05"
"ORD-10892","CUST-472","Robert Williams","63","Female","us","Beauty","5","277.83","578.00","PAYPAL","15/01/2024"
"ORD-12526","CUST-424","john smith","22","Male","United States","","","246.41","","PAYPAL","2024-04-05"
"ORD-10275","CUST-486","john smith","28","","UK","CLOTHING","4","252.42","404.02","Cash on Delivery","March 10 2024"
"ORD-11977","CUST-252","Linda Garcia","","UNKNOWN","Canada","Home & Kitchen","","174.24","2283.53","PAYPAL","March 10 2024"
"ORD-10085","CUST-232","john smith","41","","France","CLOTHING","","","1910.24","PayPal","2024/02/20"
"ORD-12841","CUST-302","","62","","us","Clothing","3","","","Cash on Delivery",""
"ORD-12704","CUST-352","Patricia Brown","73","F","Canada","","5","356.88","","",""
"ORD-11817","CUST-492","John Smith ","24","male","UK","Home & Kitchen","8","451.75","","PayPal","March 10 2024"
"ORD-12332","CUST-392","Robert Williams","50","F","UK","","","","217.32","Bank Transfer",""
"ORD-12995","CUST-230","Robert Williams","","Male","France","elec","9","479.81","769.00","",""
"ORD-10029","CUST-350","Patricia Brown","47","Female","","Books","2","358.64","197.34","credit card",""
"ORD-11948","CUST-318","Elizabeth Davis","24","Female","UK","elec","7","156.87","","","2024/02/20"
"ORD-12691","CUST-322","","","","UK","","","223.21","1115.16","PAYPAL",""
"ORD-12132","CUST-394","David Miller","","Female","France","Books","5","145.51","","Credit Card","2024-04-05"
"ORD-12478","CUST-355","john smith","62","female","UK","","","41.41","623.52","","2024-01-15"
"ORD-10717","CUST-186","","","Male","","Beauty","2","","1255.20","Credit Card","2024-04-05"
"ORD-11969","CUST-389","","27","Male","us","","9","100.11","","",""
"ORD-11055","CUST-121","","","","","Electronics","","436.40","1323.76","PayPal","2024-01-15"
"ORD-10214","CUST-204","John Smith ","","Female","","Clothing","10","338.33","620.68","PayPal","2024-04-05"
"ORD-10049","CUST-385","","30","female","United States","Beauty","7","","2183.70","PAYPAL",""
"ORD-12455","CUST-268","MARY JOHNSON","66","M","United States","Books","1","245.01","","credit card","2024/02/20"
"ORD-11764","CUST-320","","","UNKNOWN","Canada","CLOTHING","1","249.83","1754.75","PayPal",""
"ORD-10436","CUST-111","Robert Williams","","","","Electronics","","399.25","2139.00","Credit Card",""
"ORD-10748","CUST-466","","","","","Clothing","","199.90","1413.07","Credit Card",""
"ORD-11783","CUST-396","Mary Johnson","","M","Germany","Books","","339.50","713.18","Cash on Delivery","15/01/2024"
"ORD-10733","CUST-497","Mary Johnson","38","female","USA","elec","3","136.41","1039.32","Cash on Delivery","2024-04-05"
"ORD-10865","CUST-330","","","female","","CLOTHING","9","","","Bank Transfer","15/01/2024"
"ORD-12519","CUST-387","","63","female","","","","","","","March 10 2024"
"ORD-11344","CUST-129","michael jones","","Male","United Kingdom","Clothing","5","43.61","","",""
"ORD-12062","CUST-155","","26","Male","us","","8","112.60","703.75","Credit Card","2024-04-05"
"ORD-12088","CUST-305","john smith","18","","U.S.A.","Electronics","-10","","896.76","Cash on Delivery",""
"ORD-12285","CUST-434","","-5","male","","elec","6","99.62","482.86","Credit Card","March 10 2024"
"ORD-12699","CUST-171","John Smith ","40","M","United Kingdom","Sports","2","","312.76","PAYPAL","15/01/2024"
"ORD-11381","CUST-476","john smith","40","female","USA","Beauty","7","307.92","1132.83","credit card","2024/02/20"
"ORD-11341","CUST-451","Mary Johnson","","female","UK","Beauty","5","391.00","1943.98","Credit Card","15/01/2024"
"ORD-10871","CUST-272","Robert Williams","66","Female","us","Beauty","2","229.78","","Credit Card","2024/02/20"
"ORD-10280","CUST-410","Elizabeth Davis","72","M","United Kingdom","Sports","4","25.31","1443.78","","2024-01-15"
"ORD-10601","CUST-264","Linda Garcia","","female","France","Home & Kitchen","6","489.64","","credit card","2024/02/20"
"ORD-12181","CUST-154","michael jones","44","F","","Books","6","15000","1057.83","","15/01/2024"
"ORD-12102","CUST-154","David Miller","42","M","Germany","Beauty","","101.77","","Bank Transfer","2024-01-15"
"ORD-10558","CUST-279","Patricia Brown","","F","Canada","elec","5","498.53","1020.77","Bank Transfer",""
"ORD-10396","CUST-341","","","F","U.S.A.","Books","9","","755.87","","2024-04-05"
"ORD-12297","CUST-402","Mary Johnson","55","","USA","Sports","999","169.86","1638.10","Credit Card","March 10 2024"
"ORD-11788","CUST-300","Patricia Brown","","M","us","Electronics","","19.99","","Credit Card","2024/02/20"
"ORD-10511","CUST-129","john smith","180","male","UK","Home & Kitchen","7","","","","2024-04-05"
"ORD-11808","CUST-243","","43","","United States","elec","5","75.77","1384.59","Cash on Delivery","2024-04-05"
"ORD-11379","CUST-103","Linda Garcia","47","Male","us","Clothing","","454.37","2326.45","PAYPAL",""
"ORD-11860","CUST-368","MARY JOHNSON","70","UNKNOWN","","elec","2","141.28","423.50","","2024/02/20"
"ORD-10840","CUST-155","Robert Williams","61","UNKNOWN","USA","Books","5","223.97","1064.50","PayPal",""
"ORD-12742","CUST-255","Robert Williams","46","Male","France","elec","5","191.43","265.33","credit card","March 10 2024"
"ORD-12193","CUST-295","David Miller","","female","Germany","Home & Kitchen","","329.80","385.02","PAYPAL","2024-01-15"
"ORD-12093","CUST-338","David Miller","30","male","Germany","Beauty","3","324.59","2246.42","","2024-01-15"
"ORD-10493","CUST-281","michael jones","","female","us","","2","71.05","1006.30","","2024-04-05"
"ORD-12251","CUST-462","michael jones","23","Female","U.S.A.","Books","7","","2310.11","PayPal","March 10 2024"
"ORD-10037","CUST-343","","62","F","UK","Sports","999","106.08","2357.48","","2024-01-15"
"ORD-10568","CUST-219","","38","female","Germany","Beauty","9","204.54","1833.23","PAYPAL","15/01/2024"
"ORD-12340","CUST-195","","34","male","us","","3","","1619.62","Bank Transfer","2024-01-15"
"ORD-11408","CUST-125","Robert Williams","","","","","1","27.55","1997.76","credit card","March 10 2024"
"ORD-10005","CUST-432","john smith","","Male","U.S.A.","","7","16.10","2123.68","PayPal","2024-04-05"
"ORD-10529","CUST-186","Linda Garcia","25","Male","UK","Books","-10","","1065.14","credit card","2024-04-05"
"ORD-11844","CUST-321","","","","United Kingdom","elec","","75.46","2132.30","","15/01/2024"
"ORD-11293","CUST-272","Elizabeth Davis","46","male","United States","Books","2","316.99","1379.41","Cash on Delivery","2024-04-05"
"ORD-10266","CUST-233","Elizabeth Davis","18","UNKNOWN","us","Sports","4","135.12","2054.05","Cash on Delivery","2024-04-05"
"ORD-10517","CUST-326","Linda Garcia","","","","Electronics","9","360.08","","Credit Card","2024-04-05"
"ORD-11034","CUST-157","MARY JOHNSON","23","female","","Beauty","5","","1002.24","Bank Transfer","2024-04-05"
"ORD-10604","CUST-451","","45","female","Germany","CLOTHING","10","","26.39","credit card",""
"ORD-10805","CUST-475","Mary Johnson","","UNKNOWN","Germany","Books","3","499.72","34.90","",""
"ORD-11885","CUST-416","David Miller","","Female","Canada","Beauty","1","","1194.88","Credit Card",""
"ORD-12679","CUST-337","","25","UNKNOWN","Germany","","10","40.62","757.28","credit card",""
"ORD-11421","CUST-233","Robert Williams","","UNKNOWN","U.S.A.","","4","242.63","654.55","","March 10 2024"
"ORD-10223","CUST-141","Linda Garcia","32","UNKNOWN","UK","Electronics","1","312.39","556.49","PayPal","March 10 2024"
"ORD-12163","CUST-238","Robert Williams","57","","France","Books","5","32.80","","PAYPAL","March 10 2024"
"ORD-11335","CUST-270","Patricia Brown","","M","France","Electronics","","465.07","","","2024/02/20"
"ORD-10111","CUST-493","MARY JOHNSON","35","Male","UK","elec","","468.11","392.01","Bank Transfer","March 10 2024"
"ORD-12949","CUST-159","","49","Male","","","-10","442.79","","Cash on Delivery","15/01/2024"
"ORD-11675","CUST-356","John Smith ","","male","","Home & Kitchen","2","15000","1007.86","credit card","15/01/2024"
"ORD-11051","CUST-193","Robert Williams","-5","male","","CLOTHING","-10","56.39","1402.71","Bank Transfer",""
"ORD-11912","CUST-376","John Smith ","","","United States","CLOTHING","10","463.21","","Credit Card","2024/02/20"
"ORD-12430","CUST-172","","39","Male","United States","Beauty","4","107.43","294.89","","15/01/2024"
"ORD-10744","CUST-261","michael jones","23","male","France","Clothing","10","158.98","2111.63","credit card","2024-04-05"
"ORD-10095","CUST-451","Robert Williams","","","","Clothing","7","68.40","","Credit Card","15/01/2024"
"ORD-12592","CUST-332","Linda Garcia","","Female","Canada","Beauty","6","","","Cash on Delivery","2024-01-15"
"ORD-10751","CUST-104","john smith","68","","U.S.A.","elec","4","","","PAYPAL","2024-04-05"
"ORD-12755","CUST-333","","-5","UNKNOWN","UK","Clothing","7","256.74","204.52","",""
"ORD-11081","CUST-418","John Smith ","48","F","United Kingdom","","10","377.47","374.21","PayPal","2024/02/20"
"ORD-12983","CUST-429","","29","F","UK","elec","8","","1467.13","Bank Transfer","2024-04-05"
"ORD-11642","CUST-488","MARY JOHNSON","38","","United States","","3","15000","2339.69","","15/01/2024"
"ORD-10117","CUST-392","Elizabeth Davis","59","M","Canada","Sports","","86.41","592.53","Credit Card",""
"ORD-12295","CUST-446","","","F","United States","Sports","","442.54","1804.86","credit card","March 10 2024"
"ORD-10230","CUST-222","Elizabeth Davis","","UNKNOWN","UK","Clothing","6","130.40","","","2024-01-15"
"ORD-11667","CUST-415","","38","","United States","CLOTHING","","","2128.30","","2024-01-15"
"ORD-11716","CUST-209","MARY JOHNSON","56","","U.S.A.","Clothing","","440.68","","Credit Card","2024-04-05"
"ORD-11254","CUST-250","michael jones","","","Germany","Books","","352.97","1910.51","Bank Transfer",""
"ORD-11321","CUST-324","michael jones","29","UNKNOWN","Germany","Beauty","","","1243.16","Bank Transfer",""
"ORD-10457","CUST-278","Linda Garcia","","male","France","","9","50.30","1868.27","","2024-01-15"
"ORD-10768","CUST-482","","","Male","Canada","Sports","7","","2071.65","","March 10 2024"
"ORD-10879","CUST-118","john smith","20","UNKNOWN","United States","Beauty","3","34.66","","Credit Card","2024-01-15"
"ORD-11837","CUST-216","David Miller","","","United States","","4","468.75","229.23","Cash on Delivery","2024-01-15"
"ORD-10204","CUST-355","Mary Johnson","58","M","UK","Sports","1","25.88","1158.69","credit card","2024/02/20"
"ORD-10527","CUST-421","MARY JOHNSON","68","UNKNOWN","","Sports","3","369.15","","","March 10 2024"
"ORD-11008","CUST-106","","69","","U.S.A.","Sports","5","426.98","","Credit Card","15/01/2024"
"ORD-10611","CUST-271","","40","","UK","Electronics","","","501.90","Bank Transfer",""
"ORD-11411","CUST-403","","","M","","Home & Kitchen","3","461.46","440.29","Cash on Delivery",""
"ORD-10623","CUST-491","","35","male","United States","","7","445.51","","credit card",""
"ORD-12943","CUST-232","Robert Williams","","Male","UK","Home & Kitchen","3","400.02","","PayPal",""
"ORD-12695","CUST-404","MARY JOHNSON","23","female","Germany","CLOTHING","4","267.18","70.66","Credit Card","2024-01-15"
"ORD-12001","CUST-294","John Smith ","","F","","","3","","373.47","Bank Transfer",""
"ORD-11786","CUST-328","","21","","U.S.A.","Clothing","7","432.65","","Cash on Delivery","March 10 2024"
"ORD-11055","CUST-121","","","","","Electronics","","436.40","1323.76","PayPal","2024-01-15"
"ORD-10010","CUST-192","","30","UNKNOWN","UK","Electronics","","85.56","2253.64","Cash on Delivery","March 10 2024"
"ORD-11511","CUST-351","john smith","","M","United Kingdom","","","273.11","1026.07","Bank Transfer","15/01/2024"
"ORD-12614","CUST-362","Patricia Brown","","F","Germany","Home & Kitchen","6","298.95","419.92","Credit Card","March 10 2024"
"ORD-12873","CUST-319","john smith","65","","","Beauty","","","1449.95","Credit Card","2024-04-05"
"ORD-11150","CUST-248","Patricia Brown","20","M","","","8","37.71","1411.67","PayPal",""
"ORD-12876","CUST-300","Robert Williams","43","","UK","Beauty","9","349.96","625.72","PAYPAL","March 10 2024"
"ORD-10120","CUST-202","","29","","UK","Books","2","171.39","1955.91","PAYPAL","2024/02/20"
"ORD-11946","CUST-311","Robert Williams","72","M","USA","Books","1","","698.24","Cash on Delivery","15/01/2024"
"ORD-11258","CUST-214","Patricia Brown","","","","Beauty","","359.86","","PayPal","2024/02/20"
"ORD-10127","CUST-181","","42","UNKNOWN","United States","Beauty","8","345.03","","PAYPAL","March 10 2024"
"ORD-10475","CUST-187","","59","Male","United Kingdom","CLOTHING","10","465.05","1138.32","PAYPAL","March 10 2024"
"ORD-11848","CUST-285","","","M","U.S.A.","Home & Kitchen","3","33.85","2221.75","Cash on Delivery","March 10 2024"
"ORD-11875","CUST-497","michael jones","","UNKNOWN","United Kingdom","","6","","1792.03","Credit Card","15/01/2024"
"ORD-11734","CUST-488","Mary Johnson","50","","us","Sports","5","257.72","91.94","Cash on Delivery","15/01/2024"
"ORD-12660","CUST-414","michael jones","","F","United States","Books","7","402.21","2415.65","","2024-04-05"
"ORD-10888","CUST-320","michael jones","35","","UK","","8","","286.82","Cash on Delivery","15/01/2024"
"ORD-10816","CUST-466","Linda Garcia","","Female","USA","CLOTHING","","437.55","1516.69","PayPal","2024-01-15"
"ORD-12464","CUST-311","","","","Germany","Books","3","447.14","","","2024-04-05"
"ORD-12016","CUST-387","Robert Williams","","female","Canada","CLOTHING","3","44.51","958.83","Credit Card","2024/02/20"
"ORD-10782","CUST-467","Patricia Brown","180","Female","U.S.A.","Books","5","","","Bank Transfer","2024-04-05"
"ORD-11298","CUST-322","MARY JOHNSON","","Male","France","elec","7","73.14","1402.05","","2024-01-15"
"ORD-11666","CUST-296","","71","UNKNOWN","","Home & Kitchen","","","493.60","PAYPAL",""
"ORD-10234","CUST-126","john smith","65","Female","United States","Electronics","6","375.83","1234.99","Cash on Delivery",""
"ORD-11189","CUST-470","Patricia Brown","19","","Germany","Home & Kitchen","","277.52","","credit card",""
"ORD-10685","CUST-266","John Smith ","","M","Canada","Sports","2","232.56","1164.23","credit card","2024/02/20"
"ORD-12227","CUST-186","john smith","72","","Canada","Home & Kitchen","2","446.45","1244.49","Cash on Delivery","March 10 2024"
"ORD-12979","CUST-263","Elizabeth Davis","","M","United Kingdom","Books","1","461.27","1039.21","Bank Transfer",""
"ORD-10808","CUST-385","","","Male","France","","7","331.72","","PAYPAL","March 10 2024"
"ORD-11037","CUST-253","Linda Garcia","","","UK","Home & Kitchen","10","88.03","1858.79","Credit Card","2024-01-15"
"ORD-11292","CUST-295","Linda Garcia","","Female","France","elec","9","391.38","1162.75","PayPal","2024/02/20"
"ORD-12225","CUST-350","","57","M","Canada","CLOTHING","1","","","","15/01/2024"
"ORD-12976","CUST-410","Linda Garcia","","","France","Books","10","287.71","909.63","","2024-01-15"
"ORD-10828","CUST-358","","39","male","France","","4","309.35","469.20","","2024-04-05"
"ORD-11958","CUST-491","","","F","UK","Clothing","","421.49","334.43","PAYPAL","March 10 2024"
"ORD-12757","CUST-111","Patricia Brown","68","F","","Sports","7","346.73","","Cash on Delivery","2024-01-15"
"ORD-10275","CUST-486","john smith","28","","UK","CLOTHING","4","252.42","404.02","Cash on Delivery","March 10 2024"
"ORD-10745","CUST-227","Linda Garcia","55","Female","United Kingdom","Home & Kitchen","","476.78","2343.83","",""
"ORD-10077","CUST-475","John Smith ","","UNKNOWN","","Home & Kitchen","10","","","Credit Card","2024-04-05"
"ORD-11613","CUST-256","John Smith ","","Female","us","Books","","15000","2218.82","credit card","2024-04-05"
"ORD-12964","CUST-405","Linda Garcia","67","F","United Kingdom","Beauty","7","204.53","","Cash on Delivery","2024-01-15"
"ORD-11710","CUST-424","David Miller","36","UNKNOWN","UK","Beauty","8","180.04","2238.17","Cash on Delivery","March 10 2024"
"ORD-12766","CUST-248","Linda Garcia","48","male","UK","Home & Kitchen","1","282.88","1331.60","",""
"ORD-12906","CUST-407","Patricia Brown","75","","Canada","","","431.32","2056.82","","2024/02/20"
"ORD-12609","CUST-430","","","male","United Kingdom","","5","179.91","269.74","credit card","March 10 2024"
"ORD-11483","CUST-403","michael jones","","M","United States","Books","5","381.58","630.06","",""
"ORD-11188","CUST-278","","72","Female","","Sports","","56.81","","PAYPAL",""
"ORD-12171","CUST-245","Elizabeth Davis","","Male","France","elec","5","166.04","464.88","PAYPAL","March 10 2024"
"ORD-12627","CUST-444","","50","","Canada","","9","292.89","2134.13","","2024-04-05"
"ORD-12703","CUST-484","john smith","24","F","France","Clothing","","121.63","2097.31","Cash on Delivery","2024/02/20"
"ORD-12785","CUST-478","Robert Williams","","male","UK","CLOTHING","999","419.73","1474.09","","2024/02/20"
"ORD-12066","CUST-301","","","Female","USA","Books","-10","468.79","","Cash on Delivery",""
"ORD-12042","CUST-411","Patricia Brown","","Male","us","CLOTHING","9","36.82","","PayPal","2024-04-05"
"ORD-12152","CUST-116","","","Male","us","Clothing","9","440.58","802.19","PayPal",""
"ORD-11184","CUST-190","Linda Garcia","180","","UK","Electronics","3","","1160.12","PayPal","15/01/2024"
"ORD-11947","CUST-261","David Miller","34","Male","UK","Sports","7","","","PayPal","2024-04-05"
"ORD-11627","CUST-311","","67","Female","U.S.A.","Sports","","70.68","464.17","Credit Card","March 10 2024"
"ORD-10129","CUST-417","","67","male","France","Clothing","10","186.82","2334.22","PAYPAL","15/01/2024"
"ORD-11595","CUST-388","Mary Johnson","","M","UK","Beauty","","213.33","1103.40","Credit Card","2024-04-05"
"ORD-11078","CUST-343","Robert Williams","60","","USA","Electronics","","54.98","717.95","credit card","15/01/2024"
"ORD-11013","CUST-296","Linda Garcia","71","","Germany","","","73.79","","Bank Transfer","March 10 2024"
"ORD-11868","CUST-317","Elizabeth Davis","19","male","France","","6","","1269.84","PayPal","March 10 2024"
"ORD-12022","CUST-402","Linda Garcia","69","M","Canada","Electronics","10","","2011.38","PAYPAL",""
"ORD-12125","CUST-263","","23","female","","","8","94.93","441.17","Bank Transfer","2024/02/20"
"ORD-12037","CUST-342","","69","","Canada","Beauty","999","419.66","","Credit Card","March 10 2024"
"ORD-12345","CUST-104","Robert Williams","26","F","Germany","elec","-10","494.06","1455.79","PAYPAL","March 10 2024"
"ORD-11684","CUST-313","MARY JOHNSON","51","F","U.S.A.","","3","162.16","673.77","Cash on Delivery",""
"ORD-10201","CUST-243","Mary Johnson","56","Female","USA","Sports","2","28.85","1920.88","","March 10 2024"
"ORD-11496","CUST-175","Robert Williams","","F","","Clothing","2","495.81","1559.90","","2024-04-05"
"ORD-10389","CUST-318","Elizabeth Davis","","UNKNOWN","","Home & Kitchen","999","291.47","","PayPal","2024-01-15"
"ORD-10946","CUST-127","MARY JOHNSON","24","Female","USA","","6","","1697.54","Bank Transfer",""
"ORD-11228","CUST-131","MARY JOHNSON","65","","France","","9","361.84","1796.99","credit card","2024-01-15"
"ORD-12881","CUST-478","David Miller","49","","U.S.A.","Clothing","-10","225.36","1742.50","Bank Transfer","15/01/2024"
"ORD-12343","CUST-239","Linda Garcia","","Male","United Kingdom","Beauty","","","2105.43","PAYPAL","2024-04-05"
"ORD-10078","CUST-431","Linda Garcia","","","Canada","Books","3","387.14","218.87","PAYPAL","2024-01-15"
"ORD-12745","CUST-437","","59","","USA","","3","450.38","2176.70","PayPal","2024-04-05"
"ORD-10771","CUST-296","","57","Male","UK","Books","","70.22","2320.87","PAYPAL",""
"ORD-10058","CUST-308","Mary Johnson","30","Male","Canada","","1","11.12","646.09","",""
"ORD-10850","CUST-249","Elizabeth Davis","68","","France","Electronics","6","","2220.80","Cash on Delivery","2024/02/20"
"ORD-10377","CUST-245","Mary Johnson","69","Female","","elec","10","178.71","809.58","Cash on Delivery",""
"ORD-11717","CUST-252","","","","Germany","Books","7","143.03","1690.49","","15/01/2024"
"ORD-12354","CUST-124","MARY JOHNSON","","","","elec","","","1895.40","Bank Transfer","March 10 2024"
"ORD-10764","CUST-113","MARY JOHNSON","33","M","United Kingdom","","3","407.06","2192.96","PayPal","2024-04-05"
"ORD-10922","CUST-409","","49","M","UK","CLOTHING","9","249.23","2014.20","","2024-01-15"
"ORD-11418","CUST-279","","","","","Clothing","999","238.75","400.41","","2024/02/20"
"ORD-11887","CUST-301","Mary Johnson","","F","USA","CLOTHING","4","","2241.52","credit card","2024/02/20"
"ORD-10610","CUST-431","","180","","Canada","elec","4","137.32","1195.58","credit card",""
"ORD-10326","CUST-375","Elizabeth Davis","62","","us","CLOTHING","","478.44","475.74","credit card","2024-04-05"
"ORD-11377","CUST-241","","62","female","us","Home & Kitchen","4","443.62","508.01","Bank Transfer","15/01/2024"
"ORD-11924","CUST-399","MARY JOHNSON","","F","us","CLOTHING","8","279.62","1080.03","credit card",""
"ORD-11810","CUST-322","","40","Female","Germany","","","","384.95","","2024/02/20"
"ORD-12241","CUST-347","MARY JOHNSON","48","Male","France","Clothing","5","307.43","","Credit Card","March 10 2024"
"ORD-11741","CUST-109","Elizabeth Davis","19","Female","UK","Beauty","7","288.10","1651.57","Cash on Delivery","2024-04-05"
"ORD-12407","CUST-148","Mary Johnson","66","UNKNOWN","Germany","CLOTHING","10","129.27","","Cash on Delivery","March 10 2024"
"ORD-12316","CUST-257","MARY JOHNSON","40","Female","Germany","","1","185.44","1245.04","Bank Transfer",""
"ORD-10309","CUST-168","Patricia Brown","46","male","","","10","234.10","817.08","Credit Card","2024-01-15"
"ORD-12446","CUST-162","michael jones","","female","Canada","Books","7","288.02","2092.81","Cash on Delivery",""
"ORD-12137","CUST-338","","47","","United States","CLOTHING","7","","978.79","Cash on Delivery","2024-04-05"
"ORD-11563","CUST-199","michael jones","","","","Beauty","7","","","",""
"ORD-11474","CUST-253","John Smith ","","UNKNOWN","Germany","","1","136.33","","Credit Card","2024-01-15"
"ORD-11117","CUST-494","John Smith ","31","Female","us","Sports","","375.81","","Cash on Delivery","March 10 2024"
"ORD-12986","CUST-205","","35","","United States","Home & Kitchen","6","183.90","1513.26","credit card","2024-04-05"
"ORD-10552","CUST-231","Linda Garcia","","Female","UK","CLOTHING","999","91.03","627.48","Bank Transfer","2024-04-05"
"ORD-11175","CUST-373","","18","","USA","Sports","2","414.77","","Bank Transfer","2024/02/20"
"ORD-12708","CUST-123","John Smith ","","UNKNOWN","","CLOTHING","10","137.42","628.51","",""
"ORD-12467","CUST-133","David Miller","53","F","France","Sports","","","1564.15","Bank Transfer","March 10 2024"
"ORD-11754","CUST-427","David Miller","58","Female","France","Books","1","","1762.73","Bank Transfer","15/01/2024"
"ORD-10679","CUST-180","john smith","48","F","USA","Clothing","1","10.12","","PAYPAL",""
"ORD-11992","CUST-417","MARY JOHNSON","","UNKNOWN","France","elec","1","75.72","1709.01","","2024-01-15"
"ORD-10813","CUST-175","Patricia Brown","20","F","USA","Clothing","5","471.88","1536.84","Cash on Delivery","2024-01-15"
"ORD-12963","CUST-320","michael jones","","male","","","2","","2271.00","Cash on Delivery","2024-04-05"
"ORD-12010","CUST-220","michael jones","62","M","","","","","","Cash on Delivery","2024-01-15"
"ORD-11688","CUST-378","Patricia Brown","69","Female","United States","Beauty","3","85.48","","","2024-04-05"
"ORD-11582","CUST-427","Linda Garcia","54","Male","France","Beauty","8","481.07","","credit card",""
"ORD-12999","CUST-497","Patricia Brown","19","Male","Germany","Clothing","8","70.26","1199.24","PayPal","2024-04-05"
"ORD-11919","CUST-311","Elizabeth Davis","30","","Canada","Clothing","10","318.48","","PayPal","March 10 2024"
"ORD-11770","CUST-220","Mary Johnson","","Female","United Kingdom","Books","","466.40","172.75","Credit Card",""
"ORD-11326","CUST-172","","","M","","","9","","1078.61","","2024-04-05"
"ORD-12278","CUST-183","Linda Garcia","","","USA","Clothing","","378.91","2141.90","Credit Card","2024-04-05"
"ORD-10076","CUST-438","David Miller","22","M","Canada","Electronics","3","15000","639.67","","2024-01-15"
"ORD-11942","CUST-437","Patricia Brown","26","","USA","Beauty","","329.75","90.83","Bank Transfer",""
"ORD-10316","CUST-202","John Smith ","19","UNKNOWN","","Home & Kitchen","10","419.21","2026.23","Bank Transfer","March 10 2024"
"ORD-10250","CUST-277","","72","Male","Germany","Clothing","5","467.59","447.00","","2024/02/20"
"ORD-12302","CUST-156","Patricia Brown","","","France","elec","1","98.98","2105.10","Cash on Delivery","2024-01-15"
"ORD-11198","CUST-293","Patricia Brown","45","F","Canada","","","442.32","","Bank Transfer","2024/02/20"
"ORD-11926","CUST-314","Elizabeth Davis","25","female","","Books","4","181.39","","","15/01/2024"
"ORD-12548","CUST-137","John Smith ","","Male","United Kingdom","Books","3","335.86","158.97","","15/01/2024"
"ORD-10187","CUST-353","MARY JOHNSON","34","","France","CLOTHING","8","147.61","24.98","Bank Transfer","March 10 2024"
"ORD-11895","CUST-299","Patricia Brown","","Male","United States","Books","-10","190.83","930.80","Cash on Delivery","2024/02/20"
"ORD-12515","CUST-428","","53","Female","","Books","1","477.02","1834.61","",""
"ORD-12451","CUST-367","Elizabeth Davis","","female","France","elec","10","","","PayPal","March 10 2024"
"ORD-10217","CUST-356","michael jones","75","Male","UK","elec","2","312.66","","","2024/02/20"
"ORD-11705","CUST-358","Patricia Brown","42","M","USA","Sports","","15000","","Cash on Delivery","2024-04-05"
"ORD-12989","CUST-435","john smith","69","","","Beauty","8","170.91","822.82","Bank Transfer","15/01/2024"
"ORD-12028","CUST-238","Linda Garcia","","","","","2","","2041.99","PAYPAL","2024/02/20"
"ORD-11299","CUST-396","Elizabeth Davis","61","Female","UK","","6","488.20","","",""
"ORD-12940","CUST-106","","","","","Books","6","467.27","1916.69","Cash on Delivery","15/01/2024"
"ORD-10872","CUST-310","john smith","34","","U.S.A.","Sports","6","260.93","2293.33","credit card","2024-01-15"
"ORD-12315","CUST-270","john smith","29","M","","Clothing","4","317.08","","Credit Card",""
"ORD-12065","CUST-347","","57","female","Germany","","","304.02","916.69","PAYPAL","15/01/2024"
"ORD-12709","CUST-291","Robert Williams","47","Male","USA","","","223.44","755.96","","2024/02/20"
"ORD-12043","CUST-430","Patricia Brown","68","","","","1","158.54","1477.22","credit card","2024-01-15"
"ORD-12024","CUST-450","Robert Williams","27","","USA","Books","5","158.00","","Bank Transfer",""
"ORD-12563","CUST-319","MARY JOHNSON","70","","","elec","","349.65","","credit card","15/01/2024"
"ORD-10886","CUST-406","john smith","47","M","us","elec","10","181.80","1232.18","",""
"ORD-12080","CUST-329","Linda Garcia","63","F","Germany","Sports","7","487.39","29.49","Cash on Delivery","2024-04-05"
"ORD-10130","CUST-284","John Smith ","24","","United States","CLOTHING","2","162.85","1643.11","",""
"ORD-11927","CUST-325","","42","","U.S.A.","CLOTHING","7","","","credit card",""
"ORD-12032","CUST-160","MARY JOHNSON","60","male","Germany","CLOTHING","10","192.69","1767.28","","March 10 2024"
"ORD-10580","CUST-421","Robert Williams","63","F","Canada","","4","92.21","764.63","","2024/02/20"
"ORD-10677","CUST-309","Mary Johnson","","F","Germany","CLOTHING","4","","822.91","Bank Transfer","2024-01-15"
"ORD-10508","CUST-105","","60","female","USA","Clothing","7","","","Credit Card","2024/02/20"
"ORD-12783","CUST-338","","33","Female","USA","Home & Kitchen","999","170.93","1386.36","credit card","15/01/2024"
"ORD-10215","CUST-414","","37","UNKNOWN","","Electronics","","","1739.24","credit card","2024/02/20"
"ORD-12076","CUST-140","Patricia Brown","44","","USA","elec","-10","128.87","1191.82","PayPal","2024-01-15"
"ORD-11476","CUST-382","","32","Female","","Sports","1","340.78","1348.56","Bank Transfer","15/01/2024"
"ORD-12384","CUST-169","John Smith ","61","Male","France","Beauty","5","254.27","2219.55","credit card","15/01/2024"
"ORD-10989","CUST-278","michael jones","","F","","Electronics","","460.22","1373.02","Bank Transfer","March 10 2024"
"ORD-10643","CUST-461","Robert Williams","","female","","elec","","","1686.33","PayPal","March 10 2024"
"ORD-10423","CUST-210","michael jones","24","","","Home & Kitchen","8","117.76","484.01","Bank Transfer",""
"ORD-10344","CUST-434","MARY JOHNSON","32","F","France","","4","351.23","85.25","Bank Transfer","March 10 2024"
"ORD-10224","CUST-147","MARY JOHNSON","34","female","USA","Electronics","1","","869.71","PayPal","2024-04-05"
"ORD-12369","CUST-233","John Smith ","68","F","","Beauty","1","12.22","","",""
"ORD-12510","CUST-108","John Smith ","74","","USA","Electronics","3","","1694.80","credit card","2024-04-05"
"ORD-11596","CUST-348","","31","male","U.S.A.","Clothing","8","123.86","1949.84","","2024-01-15"
"ORD-10772","CUST-371","Elizabeth Davis","","female","Germany","CLOTHING","1","32.91","402.52","PAYPAL","15/01/2024"
"ORD-12842","CUST-153","MARY JOHNSON","66","F","Germany","","5","359.00","","","2024/02/20"
"ORD-11130","CUST-478","michael jones","18","male","USA","","1","488.51","","PAYPAL","2024-04-05"
"ORD-10319","CUST-221","","29","Female","","Beauty","","401.91","1908.17","",""
"ORD-11026","CUST-390","michael jones","180","Male","","elec","1","218.84","638.67","",""
"ORD-12312","CUST-486","michael jones","-5","female","","Sports","","192.88","773.20","","2024/02/20"
"ORD-10359","CUST-300","","34","","France","CLOTHING","8","","92.12","Cash on Delivery","15/01/2024"
"ORD-12960","CUST-329","Mary Johnson","55","F","USA","Sports","8","","821.62","credit card","March 10 2024"
"ORD-11240","CUST-411","john smith","45","male","U.S.A.","Clothing","","480.87","793.75","PayPal","2024-01-15"
"ORD-11793","CUST-385","Elizabeth Davis","","F","U.S.A.","Electronics","1","","478.89","PayPal","2024/02/20"
"ORD-10312","CUST-414","john smith","27","M","UK","Electronics","3","157.33","","credit card","2024/02/20"
"ORD-12167","CUST-255","John Smith ","74","","","","","247.20","","Cash on Delivery","2024-04-05"
"ORD-11236","CUST-472","David Miller","","Male","USA","Clothing","","92.99","","PayPal","2024/02/20"
"ORD-12066","CUST-301","","","Female","USA","Books","-10","468.79","","Cash on Delivery",""
"ORD-12651","CUST-355","John Smith ","","female","Canada","Electronics","8","","251.21","","15/01/2024"
"ORD-10039","CUST-238","Linda Garcia","35","M","USA","Sports","","399.08","","","2024/02/20"
"ORD-12499","CUST-268","","","Female","Canada","Clothing","6","45.35","439.80","","2024-04-05"
"ORD-11639","CUST-313","Robert Williams","59","","U.S.A.","","9","12.53","","Cash on Delivery",""
"ORD-12044","CUST-456","Elizabeth Davis","44","M","USA","","8","173.19","1163.14","Credit Card",""
"ORD-12069","CUST-271","Mary Johnson","58","","us","Clothing","","279.99","","","2024/02/20"
"ORD-12628","CUST-143","MARY JOHNSON","","Female","Canada","Beauty","2","213.92","1243.04","PAYPAL",""
"ORD-11434","CUST-333","john smith","33","female","U.S.A.","Sports","4","234.35","1560.26","PAYPAL","March 10 2024"
"ORD-11466","CUST-347","Linda Garcia","66","","USA","Home & Kitchen","","202.51","2153.11","Bank Transfer","15/01/2024"
"ORD-12925","CUST-497","Mary Johnson","","male","France","Sports","3","235.81","2318.77","credit card","March 10 2024"
"ORD-12341","CUST-369","Patricia Brown","75","","us","Home & Kitchen","-10","","1096.82","PayPal","2024-01-15"
"ORD-11111","CUST-195","Elizabeth Davis","","male","UK","Home & Kitchen","9","142.39","1952.90","PAYPAL","2024-04-05"
"ORD-11435","CUST-165","","54","F","","","5","","835.44","",""
"ORD-10082","CUST-275","john smith","28","female","Canada","","999","355.11","959.98","PAYPAL","15/01/2024"
"ORD-10516","CUST-294","David Miller","51","male","United Kingdom","","","107.11","2328.60","credit card","2024/02/20"
"ORD-10357","CUST-241","Patricia Brown","","female","France","elec","","426.31","","credit card","2024/02/20"
"ORD-12974","CUST-341","john smith","38","","","Sports","-10","440.54","625.99","","2024-04-05"
"ORD-10902","CUST-453","john smith","39","","","","","152.49","1062.41","","2024-01-15"
"ORD-12211","CUST-275","Patricia Brown","64","UNKNOWN","us","Electronics","","","426.90","",""
"ORD-10738","CUST-489","John Smith ","46","male","USA","Electronics","9","37.59","","Credit Card",""
"ORD-10107","CUST-450","John Smith ","","","us","Electronics","6","151.80","947.78","PAYPAL","15/01/2024"
"ORD-10165","CUST-378","Robert Williams","63","M","France","Sports","","30.15","115.08","PayPal","2024-01-15"
"ORD-12349","CUST-254","Linda Garcia","60","Female","France","Electronics","2","294.99","1536.38","PayPal","2024-01-15"
"ORD-11278","CUST-280","Linda Garcia","","M","","Beauty","7","199.00","2023.49","","2024-01-15"
"ORD-10834","CUST-196","Elizabeth Davis","","","France","Home & Kitchen","4","230.45","","credit card","2024/02/20"
"ORD-11961","CUST-434","Elizabeth Davis","23","Female","USA","Home & Kitchen","3","","2413.22","credit card","15/01/2024"
"ORD-12011","CUST-454","","","","","CLOTHING","-10","220.95","704.54","credit card","March 10 2024"
"ORD-12504","CUST-414","","-5","","","Sports","6","450.41","2326.91","Bank Transfer","15/01/2024"
"ORD-10513","CUST-441","","60","female","","Electronics","7","98.48","","PayPal","2024-01-15"
"ORD-10463","CUST-363","Robert Williams","34","Male","U.S.A.","CLOTHING","4","436.66","270.03","Cash on Delivery","2024-01-15"
"ORD-10907","CUST-311","Patricia Brown","28","male","United States","Sports","","192.31","","","2024/02/20"
"ORD-11991","CUST-471","MARY JOHNSON","50","Female","","","7","414.91","","Bank Transfer","March 10 2024"
"ORD-11091","CUST-198","","180","F","U.S.A.","","","","1721.53","credit card","2024/02/20"
"ORD-12240","CUST-164","Mary Johnson","","female","","Sports","8","409.39","","credit card","2024/02/20"
"ORD-12554","CUST-444","michael jones","","female","United States","CLOTHING","","","302.12","","2024-01-15"
"ORD-10995","CUST-348","Elizabeth Davis","50","UNKNOWN","U.S.A.","","9","477.79","223.64","PAYPAL","15/01/2024"
"ORD-11929","CUST-379","Elizabeth Davis","","Male","U.S.A.","Electronics","10","","298.89","Bank Transfer","2024-04-05"
"ORD-12722","CUST-354","Patricia Brown","58","male","Germany","","5","259.02","128.10","Credit Card","2024-04-05"
"ORD-11014","CUST-374","","74","female","Canada","Beauty","","","1421.36","","15/01/2024"
"ORD-11584","CUST-389","Elizabeth Davis","60","","us","CLOTHING","8","348.84","1302.30","credit card",""
"ORD-11893","CUST-438","Patricia Brown","","male","us","","8","133.67","86.00","PAYPAL","2024/02/20"
"ORD-11180","CUST-373","","","","UK","Home & Kitchen","","172.35","1796.40","credit card","2024/02/20"
"ORD-11451","CUST-257","","","Male","","Books","","229.03","","","2024-01-15"
"ORD-11165","CUST-144","David Miller","29","","UK","elec","","352.51","282.02","","March 10 2024"
"ORD-10932","CUST-454","michael jones","73","","United Kingdom","Books","10","","405.77","","2024/02/20"
"ORD-12421","CUST-275","","35","","","elec","3","80.45","1455.25","","2024/02/20"
"ORD-10381","CUST-156","","69","UNKNOWN","UK","Books","2","432.57","","Cash on Delivery",""
"ORD-11332","CUST-288","Mary Johnson","62","UNKNOWN","","Clothing","-10","81.37","","Cash on Delivery","March 10 2024"
"ORD-10587","CUST-466","Robert Williams","","Female","Germany","Clothing","6","363.75","928.65","PAYPAL","March 10 2024"
"ORD-10281","CUST-461","John Smith ","19","Female","Canada","Clothing","9","","1228.80","Cash on Delivery","March 10 2024"
"ORD-12923","CUST-424","Robert Williams","","","Canada","","9","347.15","","",""
"ORD-10289","CUST-326","Elizabeth Davis","18","Male","","","","362.11","418.54","credit card","15/01/2024"
"ORD-11302","CUST-487","michael jones","30","F","USA","elec","7","491.98","1672.32","Cash on Delivery","2024/02/20"
"ORD-12503","CUST-296","Patricia Brown","","F","United States","elec","4","","2334.60","credit card","15/01/2024"
"ORD-11256","CUST-166","Mary Johnson","43","male","France","Home & Kitchen","6","","1919.44","Credit Card","2024/02/20"
"ORD-12351","CUST-188","MARY JOHNSON","","","","Beauty","8","33.01","219.23","Credit Card","15/01/2024"
"ORD-12104","CUST-471","Robert Williams","58","Female","USA","","","144.28","517.12","Cash on Delivery","2024/02/20"
"ORD-10936","CUST-487","Patricia Brown","","","us","elec","5","","2349.02","PAYPAL","2024-04-05"
"ORD-10640","CUST-223","John Smith ","59","Male","","","10","15000","","","2024-04-05"
"ORD-11142","CUST-109","","","M","United States","Books","","237.36","1071.04","","2024/02/20"
"ORD-12753","CUST-416","john smith","","Female","USA","Books","8","227.95","2092.44","credit card","March 10 2024"
"ORD-11340","CUST-140","Robert Williams","","Male","us","","-10","337.60","411.47","Credit Card",""
"ORD-11287","CUST-320","","-5","male","","Home & Kitchen","9","292.66","2201.04","Cash on Delivery","2024/02/20"
"ORD-12689","CUST-241","MARY JOHNSON","","F","United States","","","144.29","","PayPal","2024/02/20"
"ORD-10203","CUST-229","Elizabeth Davis","56","UNKNOWN","","Books","5","213.20","1561.47","","2024-01-15"
"ORD-11019","CUST-261","Linda Garcia","69","F","Germany","","1","125.77","1350.43","","March 10 2024"
"ORD-11781","CUST-269","David Miller","","female","United Kingdom","Beauty","1","272.36","1827.23","PayPal","2024-04-05"
"ORD-11663","CUST-472","Robert Williams","","male","U.S.A.","Clothing","6","122.82","","","15/01/2024"
"ORD-12790","CUST-472","Linda Garcia","74","Male","U.S.A.","Electronics","7","410.63","1037.48","","2024-01-15"
"ORD-12992","CUST-290","michael jones","60","female","us","Clothing","8","","2261.00","Cash on Delivery","March 10 2024"
"ORD-11054","CUST-249","Mary Johnson","24","UNKNOWN","United Kingdom","Clothing","7","216.25","1598.03","Credit Card","March 10 2024"
"ORD-11582","CUST-427","Linda Garcia","54","Male","France","Beauty","8","481.07","","credit card",""
"ORD-11383","CUST-251","Linda Garcia","180","Male","France","Sports","","363.09","572.29","PAYPAL","2024-04-05"
"ORD-12774","CUST-232","MARY JOHNSON","18","M","","","1","446.59","","Credit Card","March 10 2024"
"ORD-12026","CUST-333","","","UNKNOWN","Germany","","","72.34","1373.34","Credit Card",""
"ORD-12304","CUST-253","Patricia Brown","43","female","us","Electronics","8","127.41","95.29","PayPal","March 10 2024"
"ORD-12356","CUST-240","David Miller","-5","","Canada","Electronics","","154.82","","","15/01/2024"
"ORD-12437","CUST-185","","","Male","Germany","Books","8","206.84","","","15/01/2024"
"ORD-10175","CUST-428","Linda Garcia","","female","Canada","","","263.34","","Credit Card",""
"ORD-10781","CUST-134","michael jones","49","F","","","3","323.08","915.12","Cash on Delivery","2024/02/20"
"ORD-12218","CUST-322","Robert Williams","24","","UK","elec","8","131.38","861.93","","2024-01-15"
"ORD-11389","CUST-351","Patricia Brown","70","","UK","Beauty","4","229.56","144.83","","March 10 2024"
"ORD-11864","CUST-307","michael jones","32","M","United States","Sports","","101.22","","credit card","2024-01-15"
"ORD-12023","CUST-119","Robert Williams","73","M","United Kingdom","CLOTHING","9","430.36","1671.99","Cash on Delivery","2024-04-05"
"ORD-12363","CUST-317","Patricia Brown","47","female","","Sports","5","","","credit card","15/01/2024"
"ORD-11701","CUST-361","Patricia Brown","64","M","United Kingdom","Books","","396.59","1084.23","",""
"ORD-10253","CUST-173","","58","Female","USA","Sports","3","450.65","","Credit Card","2024-01-15"
"ORD-11174","CUST-183","Linda Garcia","25","male","U.S.A.","","5","487.49","","PAYPAL","2024-04-05"
"ORD-10430","CUST-124","Robert Williams","55","female","Germany","Clothing","5","70.33","1184.00","credit card","15/01/2024"
"ORD-10972","CUST-304","","21","male","U.S.A.","Books","","293.47","269.23","Bank Transfer","15/01/2024"
"ORD-11590","CUST-225","","44","M","USA","elec","9","","","","15/01/2024"
"ORD-11014","CUST-374","","74","female","Canada","Beauty","","","1421.36","","15/01/2024"
"ORD-12650","CUST-249","Elizabeth Davis","26","","","CLOTHING","4","463.58","520.98","Credit Card","2024-01-15"
"ORD-12640","CUST-369","John Smith ","61","","Canada","elec","6","280.09","414.87","Credit Card","2024-01-15"
"ORD-12180","CUST-461","David Miller","18","female","France","Electronics","7","377.02","","PayPal","2024-04-05"
"ORD-11841","CUST-392","Linda Garcia","","","U.S.A.","Clothing","1","247.83","580.44","Credit Card","March 10 2024"
"ORD-12398","CUST-402","John Smith ","","","","elec","10","134.80","","",""
"ORD-11502","CUST-430","michael jones","19","F","USA","Electronics","","125.96","","Credit Card","2024/02/20"
"ORD-11028","CUST-351","David Miller","45","female","us","Electronics","","169.89","1848.81","credit card",""
"ORD-11103","CUST-389","","60","","United States","Electronics","9","","967.41","credit card","2024/02/20"
"ORD-11224","CUST-431","Elizabeth Davis","48","","United Kingdom","CLOTHING","4","","2246.43","Credit Card","2024/02/20"
"ORD-10544","CUST-318","Linda Garcia","","Female","United Kingdom","Sports","","212.42","2122.70","","2024-04-05"
"ORD-10943","CUST-266","Mary Johnson","50","","","Electronics","8","46.20","1243.56","","15/01/2024"
"ORD-12569","CUST-411","Robert Williams","31","female","U.S.A.","Beauty","2","157.69","","","March 10 2024"
"ORD-10662","CUST-295","Mary Johnson","","Female","us","","1","25.37","222.46","PAYPAL","March 10 2024"
"ORD-11385","CUST-137","Patricia Brown","","female","France","Beauty","8","203.58","2039.93","PayPal","2024/02/20"
"ORD-11044","CUST-345","","","Male","","Sports","3","240.23","1556.11","PAYPAL",""
"ORD-10791","CUST-232","","48","male","","CLOTHING","4","","","PAYPAL","15/01/2024"
"ORD-10789","CUST-305","MARY JOHNSON","","Male","United States","CLOTHING","10","255.70","1578.18","credit card","2024/02/20"
"ORD-11272","CUST-453","Elizabeth Davis","36","F","Canada","Books","4","","2270.27","PayPal","2024-04-05"
"ORD-10856","CUST-462","Mary Johnson","","male","USA","elec","3","167.35","1220.09","PAYPAL",""
"ORD-11045","CUST-360","David Miller","","F","U.S.A.","","7","33.48","628.60","PayPal","15/01/2024"
"ORD-10418","CUST-150","Patricia Brown","","female","","Home & Kitchen","2","15000","622.36","","15/01/2024"
"ORD-12618","CUST-439","Mary Johnson","","M","U.S.A.","Clothing","6","477.36","1646.63","Bank Transfer","March 10 2024"
"ORD-10953","CUST-363","","23","M","","Electronics","4","183.62","1099.76","Credit Card","2024/02/20"
"ORD-12553","CUST-346","MARY JOHNSON","","","France","Beauty","999","","1890.53","credit card","15/01/2024"
"ORD-10379","CUST-176","john smith","75","Male","France","Clothing","7","127.73","274.20","Bank Transfer","2024/02/20"
"ORD-12305","CUST-399","Mary Johnson","26","Female","USA","Sports","999","","1924.14","credit card",""
"ORD-10505","CUST-304","","72","","United States","Clothing","","298.20","","",""
"ORD-10847","CUST-315","michael jones","60","","","","5","183.26","776.54","PayPal",""
"ORD-11424","CUST-311","","40","UNKNOWN","USA","Sports","10","344.08","","","2024/02/20"
"ORD-12321","CUST-274","","49","Female","Germany","","4","116.85","750.55","","2024-04-05"
"ORD-11951","CUST-136","MARY JOHNSON","","M","United States","elec","8","282.49","1658.01","PayPal","March 10 2024"
"ORD-11148","CUST-332","Mary Johnson","","male","Germany","Electronics","9","148.03","2234.45","","March 10 2024"
"ORD-12672","CUST-174","Linda Garcia","48","Female","France","Books","7","281.54","","PayPal","15/01/2024"
"ORD-11271","CUST-449","Linda Garcia","62","male","","","5","317.80","773.49","Credit Card","2024-04-05"
"ORD-10682","CUST-179","john smith","32","female","","Books","10","214.10","1941.81","Cash on Delivery","March 10 2024"
"ORD-12078","CUST-285","David Miller","53","female","U.S.A.","elec","9","238.13","1469.57","","2024/02/20"
"ORD-12143","CUST-484","","64","male","U.S.A.","","8","","701.71","Bank Transfer","2024-01-15"
"ORD-11940","CUST-428","michael jones","59","UNKNOWN","France","Clothing","10","456.72","480.04","",""
"ORD-11805","CUST-459","Patricia Brown","64","female","United States","Beauty","9","129.62","610.12","",""
"ORD-12213","CUST-417","","32","male","","CLOTHING","4","257.51","926.06","PayPal","2024-01-15"
"ORD-10804","CUST-234","","49","","USA","elec","2","300.65","","PAYPAL","March 10 2024"
"ORD-10570","CUST-461","john smith","49","Female","UK","","3","","1261.58","",""
"ORD-11993","CUST-264","","","F","France","Sports","9","104.13","1638.40","Credit Card","2024-01-15"
"ORD-12561","CUST-278","MARY JOHNSON","","UNKNOWN","","","","92.06","479.30","credit card","2024-04-05"
"ORD-10271","CUST-260","Robert Williams","28","male","USA","","","","552.23","PAYPAL","2024/02/20"
"ORD-12579","CUST-249","Elizabeth Davis","","","United States","elec","4","13.87","","PayPal","2024/02/20"
"ORD-12301","CUST-479","Elizabeth Davis","65","","United States","","6","486.74","","PAYPAL","March 10 2024"
"ORD-11629","CUST-360","John Smith ","","Male","us","Beauty","3","270.19","871.92","","2024-01-15"
"ORD-10061","CUST-383","Robert Williams","52","","U.S.A.","CLOTHING","6","15.68","","PayPal",""
"ORD-12498","CUST-128","michael jones","42","","U.S.A.","","8","58.27","","Bank Transfer","15/01/2024"
"ORD-11996","CUST-210","MARY JOHNSON","","UNKNOWN","Germany","elec","6","149.47","1287.61","",""
"ORD-11140","CUST-302","","49","male","","Books","7","372.95","","Bank Transfer","March 10 2024"
"ORD-12237","CUST-187","","","UNKNOWN","U.S.A.","","6","102.45","","Cash on Delivery","15/01/2024"
"ORD-11965","CUST-347","Robert Williams","18","Female","","Books","8","","101.28","Credit Card","15/01/2024"
"ORD-11134","CUST-373","David Miller","50","UNKNOWN","UK","Clothing","10","343.60","1560.95","",""
"ORD-10741","CUST-189","john smith","","F","USA","Beauty","","","","Cash on Delivery","2024-01-15"
"ORD-11524","CUST-417","Mary Johnson","37","F","United Kingdom","Books","1","","","","March 10 2024"
"ORD-11886","CUST-400","John Smith ","","Male","","Sports","8","288.40","1934.07","PAYPAL","2024/02/20"
"ORD-10401","CUST-211","John Smith ","69","UNKNOWN","Canada","CLOTHING","9","89.64","","","2024-01-15"
"ORD-12261","CUST-457","Elizabeth Davis","47","male","us","","7","404.21","398.65","","2024-01-15"
"ORD-11751","CUST-458","John Smith ","","","United States","Sports","-10","453.71","1339.46","","2024/02/20"
"ORD-10427","CUST-380","Elizabeth Davis","28","Male","U.S.A.","Electronics","","205.18","415.66","PayPal","2024/02/20"
"ORD-11876","CUST-229","Linda Garcia","60","F","us","","2","","","PayPal","2024-01-15"
"ORD-12292","CUST-349","john smith","","Female","us","Books","1","109.53","112.37","PAYPAL","March 10 2024"
"ORD-10672","CUST-111","","27","male","Canada","Clothing","1","","740.92","credit card",""
"ORD-10031","CUST-326","David Miller","49","F","USA","","9","","","Credit Card","2024-01-15"
"ORD-10899","CUST-394","Robert Williams","28","F","","Clothing","10","454.05","1335.93","PAYPAL","2024-04-05"
"ORD-10736","CUST-249","Patricia Brown","45","female","United States","Electronics","2","290.77","","Cash on Delivery","15/01/2024"
"ORD-11105","CUST-174","Robert Williams","24","Female","Germany","Clothing","","196.61","","PAYPAL","15/01/2024"
"ORD-12007","CUST-243","Robert Williams","","Female","UK","Sports","6","","","credit card","2024-01-15"
"ORD-11583","CUST-358","John Smith ","54","male","United Kingdom","Electronics","","437.63","1453.10","PayPal","2024-01-15"
"ORD-12117","CUST-302","","180","","","Books","1","84.54","983.29","","2024-04-05"
"ORD-11787","CUST-110","john smith","66","Female","","Books","1","268.03","1374.24","Credit Card","2024-04-05"
"ORD-10522","CUST-165","","","Female","us","Home & Kitchen","","324.04","455.20","PAYPAL","March 10 2024"
"ORD-11525","CUST-292","","","Female","Canada","","9","","26.07","","2024-01-15"
"ORD-10500","CUST-117","Elizabeth Davis","44","female","","Home & Kitchen","","377.41","","Cash on Delivery",""
"ORD-11317","CUST-437","michael jones","","F","","","1","116.17","","PayPal","2024-01-15"
"ORD-11082","CUST-390","MARY JOHNSON","50","male","United Kingdom","","3","","1069.40","Cash on Delivery","2024-04-05"
"ORD-11017","CUST-242","Robert Williams","22","Female","us","","","308.63","1319.68","Cash on Delivery","2024/02/20"
"ORD-12982","CUST-416","john smith","39","M","","CLOTHING","","","1190.99","","15/01/2024"
"ORD-10506","CUST-119","Patricia Brown","34","female","United Kingdom","","","","2287.31","Cash on Delivery","15/01/2024"
"ORD-10110","CUST-404","Robert Williams","48","female","Germany","CLOTHING","","14.60","1618.71","credit card",""
"ORD-10676","CUST-395","","20","Female","United States","Clothing","9","287.88","","Cash on Delivery","March 10 2024"
"ORD-12775","CUST-263","David Miller","31","Female","","Electronics","8","398.40","1960.66","PayPal","2024-01-15"
"ORD-12838","CUST-334","John Smith ","","","Canada","Beauty","1","445.81","1496.12","PAYPAL","15/01/2024"
"ORD-11520","CUST-371","michael jones","","F","France","Sports","","56.81","","Credit Card","March 10 2024"
"ORD-10632","CUST-442","Robert Williams","69","female","U.S.A.","Clothing","8","247.11","440.87","PayPal","March 10 2024"
"ORD-12796","CUST-137","michael jones","50","male","Germany","Books","8","","","PAYPAL","March 10 2024"
"ORD-11500","CUST-311","John Smith ","18","","","Electronics","6","490.40","1406.91","PayPal","15/01/2024"
"ORD-12808","CUST-435","john smith","43","Male","","","","16.16","","Credit Card","2024/02/20"
"ORD-11731","CUST-490","Elizabeth Davis","38","M","","Books","8","198.20","1510.99","","2024-01-15"
"ORD-10866","CUST-293","David Miller","42","M","France","Beauty","5","300.37","","","2024/02/20"
"ORD-11399","CUST-354","Elizabeth Davis","45","female","USA","elec","6","280.25","","","2024-04-05"
"ORD-10605","CUST-188","David Miller","27","F","","","-10","484.22","188.96","","15/01/2024"
"ORD-12456","CUST-393","David Miller","54","","USA","Home & Kitchen","8","308.59","1069.47","","2024-01-15"
"ORD-10481","CUST-320","Linda Garcia","52","M","us","Electronics","2","","","PAYPAL","March 10 2024"
"ORD-11161","CUST-450","Elizabeth Davis","","Female","France","CLOTHING","2","434.26","1949.92","Credit Card","2024-01-15"
"ORD-12885","CUST-401","Patricia Brown","44","UNKNOWN","us","Books","7","476.12","1273.30","credit card","2024/02/20"
"ORD-10557","CUST-261","John Smith ","60","","Canada","Electronics","","","2033.16","Cash on Delivery","March 10 2024"
"ORD-10037","CUST-343","","62","F","UK","Sports","999","106.08","2357.48","","2024-01-15"
"ORD-11439","CUST-306","john smith","74","","U.S.A.","elec","","18.08","1025.59","Credit Card","15/01/2024"
"ORD-12707","CUST-116","","","","","CLOTHING","9","142.60","2322.72","","15/01/2024"
"ORD-10556","CUST-222","Linda Garcia","29","Female","France","CLOTHING","8","124.67","2184.29","PayPal",""
"ORD-10553","CUST-428","David Miller","48","female","UK","Clothing","4","56.12","1399.27","Bank Transfer","March 10 2024"
"ORD-10233","CUST-235","Mary Johnson","33","M","United States","elec","","434.23","1239.42","credit card","15/01/2024"
"ORD-12083","CUST-161","john smith","","female","USA","Home & Kitchen","8","76.52","1671.77","PayPal","March 10 2024"
"ORD-10642","CUST-124","","41","Male","","CLOTHING","999","371.59","","","15/01/2024"
"ORD-12197","CUST-227","","38","","Canada","Home & Kitchen","2","","","PayPal","15/01/2024"
"ORD-12330","CUST-420","Elizabeth Davis","25","UNKNOWN","France","elec","","247.62","","credit card","March 10 2024"
"ORD-10564","CUST-269","","","","USA","Clothing","1","333.58","745.23","PayPal",""
"ORD-11480","CUST-108","michael jones","25","Female","USA","Home & Kitchen","9","430.88","1956.32","Credit Card","2024-04-05"
"ORD-12656","CUST-319","Patricia Brown","45","female","","Beauty","10","","1733.94","Bank Transfer","2024-04-05"
"ORD-11721","CUST-441","","21","Male","United States","Electronics","","68.82","1128.02","Cash on Delivery","2024/02/20"
"ORD-12580","CUST-387","MARY JOHNSON","54","female","","Home & Kitchen","6","","","PAYPAL","15/01/2024"
"ORD-11248","CUST-217","","","","USA","CLOTHING","10","","","Credit Card","15/01/2024"
"ORD-11100","CUST-414","David Miller","48","","USA","Books","1","19.02","2045.06","Bank Transfer","15/01/2024"
"ORD-11531","CUST-420","Elizabeth Davis","31","Male","United States","Clothing","5","","2222.29","Credit Card","2024-04-05"
"ORD-11971","CUST-268","michael jones","75","male","Germany","CLOTHING","9","","2050.60","","2024-04-05"
"ORD-11553","CUST-265","john smith","42","","United Kingdom","Clothing","8","305.12","","","March 10 2024"
"ORD-10302","CUST-230","Elizabeth Davis","66","","France","","1","426.73","796.08","Bank Transfer","15/01/2024"
"ORD-11330","CUST-372","","72","female","UK","Clothing","3","96.44","1379.56","",""
"ORD-10885","CUST-311","michael jones","38","female","USA","","7","78.64","1312.24","credit card","2024-04-05"
"ORD-12157","CUST-226","David Miller","56","","France","elec","999","307.60","","Credit Card","2024-01-15"
"ORD-12806","CUST-488","Elizabeth Davis","","","Canada","elec","8","493.04","781.09","PayPal","March 10 2024"
"ORD-12955","CUST-467","John Smith ","64","Male","United States","Home & Kitchen","1","193.18","1828.93","","2024-01-15"
"ORD-12985","CUST-240","Mary Johnson","","Male","UK","Home & Kitchen","","","","","2024-01-15"
"ORD-10293","CUST-182","Patricia Brown","61","F","us","","999","141.28","","PayPal","2024-04-05"
"ORD-11974","CUST-374","Elizabeth Davis","71","M","France","Books","","","729.24","Bank Transfer","2024-01-15"
"ORD-12264","CUST-410","Mary Johnson","","F","United States","CLOTHING","-10","15000","","","March 10 2024"
"ORD-11490","CUST-352","Linda Garcia","50","Male","France","Clothing","9","53.74","1742.20","PayPal","2024-01-15"
"ORD-11823","CUST-155","Mary Johnson","52","F","USA","Beauty","2","","342.85","Bank Transfer","2024-01-15"
"ORD-10178","CUST-211","","","female","Canada","Sports","5","336.71","369.42","credit card","2024-04-05"
"ORD-11633","CUST-209","David Miller","180","F","","CLOTHING","2","413.69","1074.89","","2024/02/20"
"ORD-11559","CUST-260","","","M","Canada","Home & Kitchen","4","","","PayPal","March 10 2024"
"ORD-10485","CUST-222","Robert Williams","61","UNKNOWN","","Electronics","","13.89","2122.06","credit card","2024-01-15"
"ORD-10965","CUST-278","michael jones","67","Female","France","Electronics","1","15000","2030.62","","March 10 2024"
"ORD-11072","CUST-219","john smith","38","F","Canada","Beauty","3","133.56","2040.40","","March 10 2024"
"ORD-12845","CUST-494","MARY JOHNSON","43","female","USA","","","","","Cash on Delivery",""
"ORD-10057","CUST-343","MARY JOHNSON","64","UNKNOWN","United States","Beauty","","","","Bank Transfer","2024-04-05"
"ORD-12946","CUST-141","Mary Johnson","","F","USA","Books","","375.43","1332.17","Credit Card","2024-01-15"
"ORD-10129","CUST-417","","67","male","France","Clothing","10","186.82","2334.22","PAYPAL","15/01/2024"
"ORD-11492","CUST-323","John Smith ","19","Male","UK","","","","","Credit Card","2024/02/20"
"ORD-10251","CUST-474","Robert Williams","53","Male","Canada","Beauty","10","465.06","","","March 10 2024"
"ORD-11691","CUST-228","David Miller","28","female","Germany","","5","","2336.52","","March 10 2024"
"ORD-10533","CUST-150","","70","female","USA","","9","","1254.02","PAYPAL","2024-01-15"
"ORD-10799","CUST-306","Mary Johnson","38","Female","U.S.A.","Clothing","6","","","PAYPAL",""
"ORD-12848","CUST-183","Mary Johnson","24","Female","USA","","5","172.59","85.80","PayPal","March 10 2024"
"ORD-10105","CUST-280","Linda Garcia","26","F","United Kingdom","Books","10","276.99","986.06","",""
"ORD-10559","CUST-164","David Miller","","Male","USA","","","243.67","1791.99","",""
"ORD-11097","CUST-247","Robert Williams","40","F","United Kingdom","","1","327.25","","Credit Card","15/01/2024"
"ORD-12487","CUST-111","John Smith ","","Female","USA","Electronics","6","366.45","2248.44","Cash on Delivery","2024/02/20"
"ORD-12586","CUST-295","Linda Garcia","61","","Canada","","5","134.15","1214.06","","15/01/2024"
"ORD-11960","CUST-384","john smith","39","Female","Canada","Clothing","9","95.10","743.40","Cash on Delivery","15/01/2024"
"ORD-12491","CUST-128","Elizabeth Davis","21","UNKNOWN","Canada","Books","1","210.78","1789.95","PayPal","2024/02/20"
"ORD-10000","CUST-248","David Miller","71","Male","","Home & Kitchen","","","","PAYPAL","March 10 2024"
"ORD-10408","CUST-407","","","","UK","","6","15000","1274.04","PAYPAL","2024-04-05"
"ORD-12918","CUST-113","","","","U.S.A.","CLOTHING","2","435.46","52.89","PayPal","15/01/2024"
"ORD-11723","CUST-221","Elizabeth Davis","","Male","Canada","Clothing","4","81.10","","Credit Card","March 10 2024"
"ORD-11375","CUST-322","MARY JOHNSON","64","F","United Kingdom","elec","1","15000","1458.94","","15/01/2024"
"ORD-10455","CUST-312","Patricia Brown","","Male","Canada","Books","5","145.48","","Bank Transfer","2024/02/20"
"ORD-12649","CUST-144","Patricia Brown","67","","us","","8","32.51","2001.39","PAYPAL","2024/02/20"
"ORD-12986","CUST-205","","35","","United States","Home & Kitchen","6","183.90","1513.26","credit card","2024-04-05"
"ORD-10174","CUST-310","john smith","56","F","Canada","","-10","236.68","82.56","Credit Card",""
"ORD-10835","CUST-260","Linda Garcia","62","Male","United Kingdom","","10","408.42","276.47","","2024-01-15"
"ORD-11187","CUST-426","","63","","Canada","elec","","","282.76","",""
"ORD-12524","CUST-115","","54","","Germany","Sports","3","","1073.69","",""
"ORD-11049","CUST-218","John Smith ","23","male","Canada","Books","7","243.73","","Bank Transfer","2024/02/20"
"ORD-10101","CUST-138","Linda Garcia","22","Female","","Electronics","4","425.53","181.44","","15/01/2024"
"ORD-10291","CUST-162","John Smith ","27","male","UK","Home & Kitchen","7","135.85","","PAYPAL","2024/02/20"
"ORD-12642","CUST-271","Patricia Brown","75","","","Books","7","","716.45","Bank Transfer","2024-04-05"
"ORD-12166","CUST-480","Mary Johnson","","Female","United States","Beauty","6","470.61","330.86","","2024-04-05"
"ORD-12844","CUST-124","Elizabeth Davis","","Female","us","","3","297.58","274.01","Cash on Delivery","2024-04-05"
"ORD-11761","CUST-491","MARY JOHNSON","60","female","UK","Sports","5","493.87","416.63","PayPal",""
"ORD-12244","CUST-422","john smith","20","M","","elec","2","51.66","426.67","Cash on Delivery","2024-04-05"
"ORD-11393","CUST-432","MARY JOHNSON","","female","United States","Beauty","5","264.75","1902.00","Bank Transfer","15/01/2024"
"ORD-10446","CUST-464","john smith","71","","U.S.A.","Books","","144.30","149.69","",""
"ORD-12147","CUST-226","","","female","Germany","Beauty","9","144.43","","PayPal","2024/02/20"
"ORD-10603","CUST-345","john smith","56","F","","Home & Kitchen","6","319.40","2093.58","PAYPAL","2024/02/20"
"ORD-11732","CUST-142","Patricia Brown","26","UNKNOWN","United Kingdom","Clothing","3","94.80","","Credit Card","2024/02/20"
"ORD-12357","CUST-181","michael jones","52","","USA","Clothing","7","283.55","34.97","credit card",""
"ORD-10138","CUST-103","MARY JOHNSON","56","male","UK","CLOTHING","2","12.21","1209.27","Cash on Delivery","15/01/2024"
"ORD-10851","CUST-429","David Miller","","M","U.S.A.","","3","78.85","1572.61","PAYPAL","March 10 2024"
"ORD-12013","CUST-139","","49","female","us","CLOTHING","10","141.18","1791.24","credit card","15/01/2024"
"ORD-12313","CUST-427","john smith","","F","USA","Home & Kitchen","5","249.02","1188.94","Bank Transfer","15/01/2024"
"ORD-12402","CUST-124","John Smith ","","Female","Canada","Home & Kitchen","","46.60","990.01","PAYPAL",""
"ORD-10011","CUST-214","John Smith ","67","F","United States","elec","","266.90","","Cash on Delivery","March 10 2024"
"ORD-12828","CUST-384","Patricia Brown","37","","","elec","","396.47","","PayPal","2024-04-05"
"ORD-12228","CUST-459","MARY JOHNSON","52","female","United States","","2","149.48","797.87","",""
"ORD-11128","CUST-143","Patricia Brown","","","","Sports","8","486.68","565.92","","March 10 2024"
"ORD-10008","CUST-175","","64","","Germany","Books","7","","1525.75","Bank Transfer","2024-01-15"
"ORD-12732","CUST-340","Robert Williams","","Male","Canada","Books","6","115.85","1093.55","PayPal",""
"ORD-10170","CUST-356","John Smith ","","Female","","CLOTHING","8","","2138.66","PayPal",""
"ORD-11798","CUST-183","Linda Garcia","27","F","","Clothing","2","","987.63","credit card","2024-01-15"
"ORD-10191","CUST-283","David Miller","","Male","Germany","","2","460.64","1823.55","Cash on Delivery","2024/02/20"
"ORD-11833","CUST-387","","","Female","us","Clothing","2","60.04","801.70","Cash on Delivery","March 10 2024"
"ORD-12606","CUST-221","Robert Williams","-5","Female","United Kingdom","Clothing","2","234.64","1161.01","","2024-04-05"
"ORD-10593","CUST-135","MARY JOHNSON","67","male","Canada","","","297.59","1591.32","PayPal","15/01/2024"
"ORD-10020","CUST-444","","46","F","Germany","Sports","3","430.53","1027.41","PayPal","2024-01-15"
"ORD-12338","CUST-258","Mary Johnson","35","Male","UK","Electronics","4","","779.44","","2024-04-05"
"ORD-11291","CUST-497","Mary Johnson","55","Male","Germany","Books","","76.59","2058.63","PayPal","2024-01-15"
"ORD-12061","CUST-443","MARY JOHNSON","22","","us","Home & Kitchen","5","175.15","","","2024-01-15"
"ORD-10848","CUST-476","Linda Garcia","19","","U.S.A.","Home & Kitchen","6","21.60","","PayPal",""
"ORD-11756","CUST-172","Mary Johnson","","Female","UK","Home & Kitchen","","291.37","2056.27","credit card",""
"ORD-12608","CUST-315","","","F","Canada","Sports","","","2202.33","Bank Transfer","2024-01-15"
"ORD-11767","CUST-248","Linda Garcia","56","","United States","Beauty","7","","1399.52","","2024/02/20"
"ORD-10581","CUST-489","Elizabeth Davis","","UNKNOWN","UK","Electronics","3","","164.79","PayPal","2024-01-15"
"ORD-11083","CUST-496","","","F","","Electronics","2","193.22","1658.97","","2024-04-05"
"ORD-10966","CUST-375","john smith","","","Canada","Beauty","","151.19","1475.61","Cash on Delivery","15/01/2024"
"ORD-11067","CUST-214","","38","","Canada","Electronics","","11.72","777.27","Bank Transfer","2024-01-15"
"ORD-12667","CUST-300","Elizabeth Davis","","","Germany","Books","5","209.93","551.67","credit card","2024/02/20"
"ORD-11076","CUST-321","michael jones","32","","Germany","Beauty","7","","1015.15","PayPal",""
"ORD-11362","CUST-364","David Miller","47","male","United States","Beauty","9","241.01","","Bank Transfer",""
"ORD-10983","CUST-328","Robert Williams","67","M","United Kingdom","Sports","7","496.99","","Bank Transfer","2024/02/20"
"ORD-11315","CUST-358","john smith","64","","","elec","4","173.05","","PAYPAL","March 10 2024"
"ORD-10263","CUST-265","","64","","UK","Clothing","","127.28","1183.33","","15/01/2024"
"ORD-12978","CUST-499","michael jones","","F","","Electronics","1","257.62","1838.01","Bank Transfer","2024-01-15"
"ORD-12829","CUST-430","Elizabeth Davis","64","UNKNOWN","United States","","10","","520.49","PayPal","2024/02/20"
"ORD-10454","CUST-248","michael jones","22","UNKNOWN","France","","6","15000","396.48","",""
"ORD-11727","CUST-280","MARY JOHNSON","42","","","","9","237.69","2211.17","Credit Card",""
"ORD-10776","CUST-380","MARY JOHNSON","43","F","","CLOTHING","7","452.58","","credit card",""
"ORD-11347","CUST-405","john smith","","","France","Clothing","4","247.22","","PayPal","15/01/2024"
"ORD-12471","CUST-139","Patricia Brown","50","UNKNOWN","","","5","15000","1794.51","Cash on Delivery","15/01/2024"
"ORD-12349","CUST-254","Linda Garcia","60","Female","France","Electronics","2","294.99","1536.38","PayPal","2024-01-15"
"ORD-11903","CUST-100","john smith","47","Male","Germany","Beauty","6","380.99","","",""
"ORD-12090","CUST-382","","31","Male","","","","","","PayPal","2024-01-15"
"ORD-12056","CUST-213","Elizabeth Davis","51","UNKNOWN","USA","","6","455.65","1895.53","Cash on Delivery","March 10 2024"
"ORD-10418","CUST-150","Patricia Brown","","female","","Home & Kitchen","2","15000","622.36","","15/01/2024"
"ORD-10406","CUST-331","Mary Johnson","42","UNKNOWN","France","Beauty","6","183.25","122.77","Cash on Delivery","2024-04-05"
"ORD-12837","CUST-263","Robert Williams","32","male","France","Beauty","5","465.69","","Bank Transfer","2024-01-15"
"ORD-11197","CUST-498","Mary Johnson","58","female","us","Beauty","8","132.05","796.64","","2024-01-15"
"ORD-12053","CUST-372","John Smith ","59","M","","Clothing","9","314.64","","PAYPAL","2024-04-05"
"ORD-12750","CUST-205","michael jones","","UNKNOWN","","","9","43.02","432.92","Credit Card","March 10 2024"
"ORD-11776","CUST-379","John Smith ","39","female","United States","Clothing","","","","Cash on Delivery","2024/02/20"
"ORD-10545","CUST-216","Elizabeth Davis","","Male","United Kingdom","Beauty","9","118.04","","PayPal","2024-01-15"
"ORD-12208","CUST-450","michael jones","50","male","","Home & Kitchen","6","360.65","1029.66","Cash on Delivery","March 10 2024"
"ORD-10304","CUST-215","","","female","USA","CLOTHING","-10","308.55","2063.71","Credit Card","2024-04-05"
"ORD-11601","CUST-135","Patricia Brown","","female","UK","Clothing","","305.43","614.38","PAYPAL","2024/02/20"
"ORD-12777","CUST-138","","41","female","UK","","9","207.20","1322.23","Cash on Delivery","2024-01-15"
"ORD-10933","CUST-140","","","UNKNOWN","UK","","5","476.33","","Credit Card","2024-04-05"
"ORD-11641","CUST-239","John Smith ","","","United Kingdom","elec","","142.18","","Cash on Delivery","2024-04-05"
"ORD-11370","CUST-227","MARY JOHNSON","69","","United States","Sports","","122.85","162.14","PayPal","2024-04-05"
"ORD-10067","CUST-243","David Miller","26","F","USA","Home & Kitchen","","370.54","","","2024-04-05"
"ORD-11395","CUST-136","","19","","UK","","1","280.56","464.15","PayPal",""
"ORD-10054","CUST-491","","58","female","United Kingdom","Beauty","10","","451.83","",""
"ORD-10842","CUST-199","Mary Johnson","29","female","Germany","Clothing","2","357.39","318.13","credit card","2024-01-15"
"ORD-10023","CUST-333","Elizabeth Davis","33","","us","","2","100.88","","Cash on Delivery","2024/02/20"
"ORD-12634","CUST-482","John Smith ","","UNKNOWN","Canada","","8","176.91","474.74","credit card","15/01/2024"
"ORD-11010","CUST-366","","19","male","United Kingdom","elec","8","325.67","2311.53","Bank Transfer","March 10 2024"
"ORD-10860","CUST-209","Elizabeth Davis","","UNKNOWN","us","Electronics","2","174.19","","Bank Transfer","March 10 2024"
"ORD-11657","CUST-179","Mary Johnson","-5","","us","Home & Kitchen","9","302.02","1520.11","PayPal","15/01/2024"
"ORD-10064","CUST-315","Robert Williams","","","us","elec","999","254.07","530.64","","March 10 2024"
"ORD-12583","CUST-285","Patricia Brown","35","","Canada","Sports","","403.80","1053.66","PAYPAL","15/01/2024"
"ORD-11800","CUST-343","Elizabeth Davis","40","male","France","Clothing","8","","1702.76","PAYPAL",""
"ORD-12754","CUST-383","Mary Johnson","","Female","us","elec","4","118.09","","","15/01/2024"
"ORD-12670","CUST-320","David Miller","180","UNKNOWN","France","Sports","","","991.99","","March 10 2024"
"ORD-10466","CUST-110","","64","","us","Home & Kitchen","999","","1225.52","Credit Card","March 10 2024"
"ORD-11674","CUST-121","Elizabeth Davis","","UNKNOWN","us","","9","395.08","983.12","PAYPAL","2024/02/20"
"ORD-12503","CUST-296","Patricia Brown","","F","United States","elec","4","","2334.60","credit card","15/01/2024"
"ORD-12898","CUST-181","","47","F","Canada","Books","3","14.90","","Bank Transfer","15/01/2024"
"ORD-12288","CUST-256","Patricia Brown","66","","Canada","Home & Kitchen","4","319.43","2307.99","Bank Transfer","2024-04-05"
"ORD-11523","CUST-227","Robert Williams","26","Male","","","2","407.67","581.60","","2024-01-15"
"ORD-10849","CUST-215","john smith","","Male","Germany","","10","","","Cash on Delivery","15/01/2024"
"ORD-12950","CUST-432","","","female","","","1","491.32","943.59","Cash on Delivery","15/01/2024"
"ORD-11870","CUST-241","","21","M","Canada","CLOTHING","9","54.80","1322.96","Bank Transfer","2024-01-15"
"ORD-10249","CUST-484","David Miller","20","female","France","CLOTHING","","229.54","117.43","Credit Card",""
"ORD-11900","CUST-357","John Smith ","18","Female","","","","379.93","","PayPal",""
"ORD-11668","CUST-401","Robert Williams","180","F","","Beauty","7","11.19","1112.38","","March 10 2024"
"ORD-12375","CUST-302","","33","F","United States","Electronics","3","170.73","","Cash on Delivery","2024-01-15"
"ORD-10131","CUST-428","Linda Garcia","","male","Canada","Clothing","8","488.19","","credit card","2024-04-05"
"ORD-12538","CUST-403","Mary Johnson","41","female","","Sports","7","229.54","402.53","PAYPAL",""
"ORD-11046","CUST-274","Elizabeth Davis","-5","Male","Germany","Clothing","","194.91","1833.93","Cash on Delivery","2024/02/20"
"ORD-10371","CUST-418","John Smith ","18","female","U.S.A.","CLOTHING","7","440.95","","",""
"ORD-12545","CUST-318","John Smith ","22","","","Beauty","","261.21","","Credit Card","2024/02/20"
"ORD-10094","CUST-256","Robert Williams","71","UNKNOWN","United Kingdom","Clothing","7","194.58","","","March 10 2024"
"ORD-10066","CUST-442","Mary Johnson","180","male","UK","","3","15000","1530.44","Cash on Delivery","2024-04-05"
"ORD-11713","CUST-127","David Miller","46","female","USA","","2","15000","1809.97","Bank Transfer","March 10 2024"
"ORD-10365","CUST-449","Robert Williams","51","","UK","Electronics","10","250.64","387.53","PayPal","2024/02/20"
"ORD-12939","CUST-417","Elizabeth Davis","49","male","UK","CLOTHING","-10","","1826.62","credit card","15/01/2024"
"ORD-10621","CUST-124","Elizabeth Davis","75","F","us","","","65.43","2290.39","","2024-01-15"
"ORD-12296","CUST-449","Linda Garcia","","UNKNOWN","U.S.A.","CLOTHING","10","","2232.11","Cash on Delivery","15/01/2024"
"ORD-12997","CUST-254","Elizabeth Davis","180","Female","United Kingdom","Electronics","","217.35","2037.57","Cash on Delivery",""
"ORD-11776","CUST-379","John Smith ","39","female","United States","Clothing","","","","Cash on Delivery","2024/02/20"
"ORD-12822","CUST-461","michael jones","51","female","Canada","CLOTHING","4","351.45","1862.88","PAYPAL","15/01/2024"
"ORD-12182","CUST-462","Elizabeth Davis","63","M","France","","999","390.10","1421.25","credit card","2024-01-15"
"ORD-12865","CUST-200","MARY JOHNSON","","Female","","Electronics","1","20.14","825.51","credit card","March 10 2024"
"ORD-12486","CUST-421","David Miller","","female","United States","Electronics","6","71.34","2128.22","PAYPAL","2024/02/20"
"ORD-10692","CUST-297","Elizabeth Davis","40","F","United Kingdom","Beauty","","","61.86","","2024-04-05"
"ORD-10813","CUST-175","Patricia Brown","20","F","USA","Clothing","5","471.88","1536.84","Cash on Delivery","2024-01-15"
"ORD-10778","CUST-203","Linda Garcia","72","F","","","9","124.93","","","2024/02/20"
"ORD-10447","CUST-456","Patricia Brown","74","UNKNOWN","UK","elec","5","135.79","","Cash on Delivery",""
"ORD-11080","CUST-221","","37","male","United Kingdom","","","288.74","917.87","credit card","2024/02/20"
"ORD-12427","CUST-237","Mary Johnson","38","male","United States","Electronics","","","","PAYPAL","2024/02/20"
"ORD-10490","CUST-436","David Miller","65","Female","United States","Beauty","","120.30","880.12","Bank Transfer","2024/02/20"
"ORD-12382","CUST-447","MARY JOHNSON","40","Female","","Home & Kitchen","7","426.19","1171.94","","2024-01-15"
"ORD-10860","CUST-209","Elizabeth Davis","","UNKNOWN","us","Electronics","2","174.19","","Bank Transfer","March 10 2024"
"ORD-10684","CUST-458","Patricia Brown","","male","USA","Books","5","","","","15/01/2024"
"ORD-11404","CUST-195","Patricia Brown","","M","U.S.A.","Electronics","","421.37","160.99","Credit Card","2024-04-05"
"ORD-10179","CUST-231","Patricia Brown","","Female","United Kingdom","CLOTHING","6","421.59","","PAYPAL","2024/02/20"
"ORD-11216","CUST-406","Elizabeth Davis","","F","Canada","elec","","15000","218.86","Credit Card","2024/02/20"
"ORD-12355","CUST-497","michael jones","","UNKNOWN","","Electronics","9","246.97","2276.27","Credit Card","March 10 2024"
"ORD-10196","CUST-203","","55","male","","","","473.88","605.03","Credit Card","2024-04-05"
"ORD-11856","CUST-198","michael jones","54","M","UK","","","136.84","335.95","","March 10 2024"
"ORD-10981","CUST-382","MARY JOHNSON","","Male","us","CLOTHING","9","","679.54","","15/01/2024"
"ORD-10837","CUST-437","Patricia Brown","31","female","UK","CLOTHING","","200.00","1419.21","credit card","March 10 2024"
"ORD-10167","CUST-311","MARY JOHNSON","60","F","Canada","Electronics","9","291.73","1549.09","Bank Transfer","2024-01-15"
"ORD-10923","CUST-439","David Miller","51","","United States","","4","96.09","","Cash on Delivery","15/01/2024"
"ORD-10710","CUST-136","","","Male","USA","","6","473.65","2305.67","Cash on Delivery","March 10 2024"
"ORD-12004","CUST-114","","59","UNKNOWN","","CLOTHING","","298.61","","PAYPAL","15/01/2024"
"ORD-10163","CUST-285","","","male","France","","6","284.52","842.55","Credit Card","2024/02/20"
"ORD-10108","CUST-491","","","Female","Germany","elec","","311.69","1649.60","PAYPAL","2024/02/20"
"ORD-10666","CUST-131","","63","male","","","6","23.46","1752.29","PayPal","2024-04-05"
"ORD-12546","CUST-497","john smith","","male","","Home & Kitchen","7","298.56","","PayPal","2024/02/20"
"ORD-11371","CUST-123","Mary Johnson","18","Male","Canada","","3","381.00","2030.47","PayPal","2024/02/20"
"ORD-11681","CUST-434","Elizabeth Davis","20","female","U.S.A.","Clothing","","415.22","990.28","","March 10 2024"
"ORD-10970","CUST-377","Robert Williams","43","male","Germany","Home & Kitchen","","","","","2024/02/20"
"ORD-10641","CUST-433","Robert Williams","22","","USA","Beauty","","","","PAYPAL","2024-04-05"
"ORD-11975","CUST-374","","50","M","U.S.A.","Clothing","2","312.10","2002.84","PayPal","2024/02/20"
"ORD-11720","CUST-366","michael jones","42","female","U.S.A.","Beauty","3","231.54","","PayPal","2024-04-05"
"ORD-11509","CUST-437","john smith","","female","United States","Home & Kitchen","1","","","Bank Transfer",""
"ORD-10042","CUST-275","Patricia Brown","","","USA","Beauty","2","490.05","604.91","PAYPAL",""
"ORD-11207","CUST-409","michael jones","180","Female","Canada","Beauty","","","53.94","Bank Transfer",""
"ORD-10123","CUST-219","","69","Female","United Kingdom","Beauty","7","313.98","156.38","Credit Card","2024/02/20"
"ORD-11279","CUST-303","","44","male","United Kingdom","","2","","","Bank Transfer","2024-01-15"
"ORD-12615","CUST-336","John Smith ","180","UNKNOWN","Germany","CLOTHING","5","","221.15","Credit Card","March 10 2024"
"ORD-11719","CUST-351","","69","","USA","Electronics","2","311.62","1448.02","PAYPAL","15/01/2024"
"ORD-10589","CUST-452","John Smith ","55","Female","Germany","","6","409.10","429.74","PayPal","2024-04-05"
"ORD-10484","CUST-210","michael jones","","Male","","CLOTHING","","371.88","","Credit Card","2024/02/20"
"ORD-10560","CUST-448","Patricia Brown","66","","United States","","1","424.40","2270.17","PayPal","2024-01-15"
"ORD-12176","CUST-433","Elizabeth Davis","30","Female","U.S.A.","Electronics","8","216.14","42.79","","2024-04-05"
"ORD-11690","CUST-395","","-5","F","USA","Books","","","1213.52","PayPal","2024/02/20"
"ORD-12158","CUST-185","John Smith ","-5","Female","us","","10","","","Credit Card","2024/02/20"
"ORD-11934","CUST-408","Linda Garcia","","UNKNOWN","USA","","1","","364.03","","2024-04-05"
"ORD-10030","CUST-165","","","male","Canada","","","339.76","1937.79","","March 10 2024"
"ORD-11337","CUST-391","michael jones","51","","Canada","Books","10","180.49","438.01","Cash on Delivery",""
"ORD-11610","CUST-317","","","","Canada","Sports","2","320.05","588.73","PayPal","2024/02/20"
"ORD-11849","CUST-250","michael jones","37","male","France","elec","1","453.82","1184.33","Cash on Delivery","March 10 2024"
"ORD-12527","CUST-167","","66","male","UK","","","470.89","","Cash on Delivery","15/01/2024"
"ORD-12414","CUST-182","john smith","-5","","","Clothing","9","90.12","1640.63","Cash on Delivery","2024-04-05"
"ORD-10150","CUST-364","","44","Male","France","Sports","","","","","2024-01-15"
"ORD-10707","CUST-244","","","Female","Germany","Home & Kitchen","6","","2135.43","PayPal","2024-01-15"
"ORD-11252","CUST-275","MARY JOHNSON","","UNKNOWN","France","Books","","101.67","","PAYPAL","2024-01-15"
"ORD-10227","CUST-319","Mary Johnson","69","Female","","CLOTHING","6","469.53","862.87","PayPal",""
"ORD-10974","CUST-187","Patricia Brown","","","","Books","","302.72","1852.24","",""
"ORD-10856","CUST-462","Mary Johnson","","male","USA","elec","3","167.35","1220.09","PAYPAL",""
"ORD-12909","CUST-205","","45","Female","United States","Clothing","1","","820.73","","March 10 2024"
"ORD-10721","CUST-466","Mary Johnson","54","","UK","","6","256.54","","Bank Transfer","March 10 2024"
"ORD-10262","CUST-181","Robert Williams","66","Male","Canada","Clothing","4","46.55","2092.08","","15/01/2024"
"ORD-10924","CUST-441","","","M","UK","Books","3","","298.58","Credit Card","2024/02/20"
"ORD-12092","CUST-495","","-5","Male","United States","Home & Kitchen","-10","171.01","946.22","Cash on Delivery","2024/02/20"
"ORD-11515","CUST-159","John Smith ","43","male","Germany","Clothing","","192.17","1465.59","credit card","2024-01-15"
"ORD-11499","CUST-261","John Smith ","65","","France","","","15000","2387.04","credit card","2024-04-05"
"ORD-10260","CUST-337","","","F","Canada","Sports","-10","68.08","561.12","Credit Card","2024/02/20"
"ORD-11402","CUST-463","Patricia Brown","65","","United States","Clothing","","278.68","378.47","PayPal",""
"ORD-10318","CUST-204","","68","UNKNOWN","","elec","8","201.35","46.79","Credit Card",""
"ORD-11043","CUST-440","Mary Johnson","62","male","UK","Clothing","2","26.59","59.86","Credit Card",""
"ORD-12435","CUST-110","Elizabeth Davis","64","","us","","4","332.56","1649.55","credit card","15/01/2024"
"ORD-11950","CUST-337","MARY JOHNSON","","female","UK","Beauty","8","","","credit card","March 10 2024"
"ORD-10310","CUST-373","michael jones","","Male","USA","","9","257.42","1925.37","Bank Transfer","March 10 2024"
"ORD-11658","CUST-358","michael jones","46","F","Germany","Books","4","","","credit card","2024/02/20"
"ORD-10412","CUST-332","Mary Johnson","70","UNKNOWN","U.S.A.","Books","1","","1341.95","","2024/02/20"
"ORD-11391","CUST-159","David Miller","50","male","","CLOTHING","5","28.14","621.67","PAYPAL","March 10 2024"
"ORD-10561","CUST-411","Elizabeth Davis","59","UNKNOWN","","elec","9","268.14","532.10","Cash on Delivery","2024-04-05"
"ORD-11123","CUST-379","David Miller","35","Male","UK","elec","1","344.02","","credit card","March 10 2024"
"ORD-11447","CUST-201","john smith","180","","","Sports","10","","","credit card","March 10 2024"
"ORD-11653","CUST-216","David Miller","49","","USA","","5","","1087.24","","March 10 2024"
"ORD-12536","CUST-131","Elizabeth Davis","67","Male","United Kingdom","Home & Kitchen","5","189.32","","Credit Card","2024/02/20"
"ORD-12564","CUST-493","michael jones","","male","","Sports","9","329.93","956.94","Cash on Delivery",""
"ORD-11811","CUST-499","Mary Johnson","33","","us","elec","","","","PayPal","2024-01-15"
"ORD-10340","CUST-348","","19","female","Canada","Electronics","","174.72","999.83","PayPal","2024-01-15"
"ORD-10435","CUST-305","","34","female","United States","","1","","1930.53","Credit Card","March 10 2024"
"ORD-10228","CUST-189","john smith","19","","USA","Clothing","8","134.70","","PayPal","15/01/2024"
"ORD-11088","CUST-423","Linda Garcia","","","U.S.A.","Beauty","","169.84","1381.85","",""
"ORD-12151","CUST-442","john smith","","","UK","elec","2","114.04","762.11","credit card","2024-04-05"
"ORD-10380","CUST-137","Patricia Brown","38","UNKNOWN","","","-10","182.29","1038.00","","15/01/2024"
"ORD-11994","CUST-149","John Smith ","49","UNKNOWN","Germany","","4","","567.52","Credit Card","2024-04-05"
"ORD-12500","CUST-264","Linda Garcia","23","","","Books","4","","358.15","PAYPAL","March 10 2024"
"ORD-11214","CUST-444","Robert Williams","43","Female","Germany","elec","10","","","","March 10 2024"
"ORD-11892","CUST-306","Mary Johnson","50","","","Electronics","8","264.61","1502.68","Credit Card","15/01/2024"
"ORD-12411","CUST-289","Robert Williams","","","USA","Electronics","10","99.71","","PAYPAL","2024-01-15"
"ORD-10282","CUST-289","John Smith ","62","Female","France","Beauty","8","126.25","","","2024-01-15"
"ORD-12758","CUST-405","MARY JOHNSON","29","","U.S.A.","Sports","4","349.18","717.84","PayPal","15/01/2024"
"ORD-10571","CUST-170","","180","M","Germany","Sports","1","122.66","2361.08","PAYPAL",""
"ORD-10197","CUST-223","Mary Johnson","","UNKNOWN","UK","Home & Kitchen","9","262.84","1519.64","PAYPAL","2024-04-05"
"ORD-10994","CUST-181","Elizabeth Davis","","Female","U.S.A.","Books","10","","","PayPal","15/01/2024"
"ORD-10180","CUST-190","Patricia Brown","21","Male","Germany","","1","351.81","290.53","Bank Transfer","15/01/2024"
"ORD-10386","CUST-227","MARY JOHNSON","28","F","UK","","7","","","Credit Card","2024-01-15"
"ORD-10572","CUST-257","David Miller","34","F","","Electronics","1","415.79","","credit card","2024-01-15"
"ORD-10264","CUST-228","Patricia Brown","36","M","France","Books","","371.76","1334.37","",""
"ORD-10963","CUST-159","Elizabeth Davis","74","","France","Clothing","","487.52","","Bank Transfer","March 10 2024"
"ORD-12179","CUST-294","Mary Johnson","71","","U.S.A.","Electronics","6","180.24","122.41","PayPal","March 10 2024"
"ORD-12135","CUST-254","John Smith ","24","M","","Books","","","1918.17","Cash on Delivery","March 10 2024"
"ORD-12134","CUST-434","Elizabeth Davis","27","F","U.S.A.","Home & Kitchen","8","226.91","1840.13","credit card","15/01/2024"
"ORD-10100","CUST-315","","","","Canada","Sports","9","157.06","","",""
"ORD-11728","CUST-410","Linda Garcia","","male","us","","5","","","PayPal","2024/02/20"
"ORD-10373","CUST-405","john smith","59","Male","USA","","","","1664.64","Credit Card","2024-04-05"
"ORD-12207","CUST-143","Elizabeth Davis","46","female","","","2","135.03","","PAYPAL","15/01/2024"
"ORD-10993","CUST-284","","","Male","U.S.A.","","","15000","470.18","Bank Transfer","2024-04-05"
"ORD-11635","CUST-183","Elizabeth Davis","58","female","Germany","Clothing","1","402.68","388.86","","2024-01-15"
"ORD-12836","CUST-140","","31","female","Canada","","2","264.32","1874.79","","2024/02/20"
"ORD-10424","CUST-193","","46","M","Canada","Books","4","33.84","1256.43","Cash on Delivery","March 10 2024"
"ORD-11098","CUST-461","Mary Johnson","","Male","Canada","Books","1","356.28","","PayPal","15/01/2024"
"ORD-10052","CUST-105","","52","Male","UK","","","","","Bank Transfer","March 10 2024"
"ORD-10939","CUST-150","Linda Garcia","31","female","United Kingdom","Clothing","7","341.59","648.25","Credit Card",""
"ORD-12509","CUST-328","Linda Garcia","","female","United States","Books","10","379.12","1739.01","credit card","March 10 2024"
"ORD-11000","CUST-164","MARY JOHNSON","","female","Canada","Electronics","8","211.07","1529.62","","2024-01-15"
"ORD-12196","CUST-126","","35","F","Canada","","4","338.07","1164.25","",""
"ORD-11247","CUST-204","John Smith ","57","UNKNOWN","United States","elec","7","470.28","490.48","Bank Transfer","15/01/2024"
"ORD-12325","CUST-191","Robert Williams","58","M","Germany","Home & Kitchen","","20.66","1663.31","Credit Card","15/01/2024"
"ORD-12209","CUST-474","michael jones","","male","UK","","1","186.34","772.44","Credit Card","2024-04-05"
"ORD-10024","CUST-357","John Smith ","63","M","Germany","Clothing","","21.78","","Bank Transfer","2024/02/20"
"ORD-12904","CUST-130","john smith","","","us","","10","285.43","","Cash on Delivery","2024/02/20"
"ORD-10824","CUST-466","John Smith ","27","male","","elec","1","172.74","677.05","",""
"ORD-12284","CUST-310","Patricia Brown","-5","UNKNOWN","USA","Electronics","","214.31","","","15/01/2024"
"ORD-11336","CUST-327","","22","Female","Canada","Clothing","9","156.86","","PayPal","15/01/2024"
"ORD-12852","CUST-142","MARY JOHNSON","180","F","UK","Sports","4","486.22","","","2024/02/20"
"ORD-12619","CUST-354","John Smith ","31","F","","Clothing","3","399.93","695.54","credit card","15/01/2024"
"ORD-12795","CUST-178","","72","male","","","10","60.26","","PayPal","2024/02/20"
"ORD-11696","CUST-193","john smith","70","","","Sports","-10","16.26","1208.25","PAYPAL","15/01/2024"
"ORD-12268","CUST-137","John Smith ","","UNKNOWN","us","Clothing","4","20.56","1316.76","credit card",""
"ORD-11772","CUST-187","","56","F","","elec","8","238.58","","","2024/02/20"
"ORD-10683","CUST-408","Robert Williams","57","M","UK","","","","306.34","Bank Transfer","2024/02/20"
"ORD-11056","CUST-126","Mary Johnson","23","male","Germany","CLOTHING","1","185.78","1032.98","PAYPAL",""
"ORD-12441","CUST-317","michael jones","41","UNKNOWN","Germany","","","","","","2024-01-15"
"ORD-11707","CUST-224","Elizabeth Davis","63","","United Kingdom","Beauty","10","43.17","","PayPal","March 10 2024"
"ORD-12368","CUST-340","Mary Johnson","74","UNKNOWN","us","Clothing","6","","1685.22","","15/01/2024"
"ORD-10194","CUST-186","","64","female","Germany","Home & Kitchen","4","336.42","","Credit Card","2024-04-05"
"ORD-10487","CUST-362","","51","M","","Clothing","2","15000","1127.16","Cash on Delivery","2024-04-05"
"ORD-10715","CUST-162","","","Female","","CLOTHING","7","","1352.35","Bank Transfer","March 10 2024"
"ORD-10726","CUST-377","Mary Johnson","","M","United Kingdom","Books","2","285.84","76.43","credit card","15/01/2024"
"ORD-11919","CUST-311","Elizabeth Davis","30","","Canada","Clothing","10","318.48","","PayPal","March 10 2024"
"ORD-11505","CUST-394","","69","Male","UK","elec","2","32.55","1702.12","Bank Transfer","2024-01-15"
"ORD-11702","CUST-465","Patricia Brown","71","","United Kingdom","Clothing","999","16.29","1425.29","PAYPAL","March 10 2024"
"ORD-11381","CUST-476","john smith","40","female","USA","Beauty","7","307.92","1132.83","credit card","2024/02/20"
"ORD-11570","CUST-157","michael jones","","UNKNOWN","United Kingdom","Books","-10","","113.61","Credit Card",""
"ORD-11170","CUST-409","John Smith ","28","female","U.S.A.","Sports","","97.23","276.62","credit card","2024/02/20"
"ORD-10089","CUST-469","","180","M","Canada","","10","332.70","","",""
"ORD-10399","CUST-379","john smith","39","","us","CLOTHING","","410.57","","Cash on Delivery",""
"ORD-12060","CUST-158","","","","us","Home & Kitchen","2","","2128.63","Credit Card","March 10 2024"
"ORD-10950","CUST-121","Linda Garcia","","F","UK","Electronics","9","373.10","1895.44","credit card","15/01/2024"
"ORD-11676","CUST-442","","58","UNKNOWN","","Clothing","6","","2045.26","Bank Transfer","March 10 2024"
"ORD-10280","CUST-410","Elizabeth Davis","72","M","United Kingdom","Sports","4","25.31","1443.78","","2024-01-15"
"ORD-10379","CUST-176","john smith","75","Male","France","Clothing","7","127.73","274.20","Bank Transfer","2024/02/20"
"ORD-12755","CUST-333","","-5","UNKNOWN","UK","Clothing","7","256.74","204.52","",""
"ORD-10268","CUST-500","","30","Female","USA","","","237.62","","Bank Transfer","15/01/2024"
"ORD-12794","CUST-240","Patricia Brown","62","Male","UK","elec","9","78.15","867.31","PAYPAL","2024-01-15"
"ORD-10181","CUST-338","Patricia Brown","35","F","UK","Electronics","","427.41","1290.24","credit card","15/01/2024"
"ORD-12706","CUST-202","","43","","","Electronics","1","441.71","72.62","Cash on Delivery","2024/02/20"
"ORD-10496","CUST-359","","66","Male","United Kingdom","CLOTHING","5","488.46","854.35","Bank Transfer","2024-04-05"
"ORD-12233","CUST-322","michael jones","","male","United Kingdom","Sports","10","26.97","761.31","PayPal",""
"ORD-10413","CUST-348","Linda Garcia","70","","us","Home & Kitchen","","203.91","","Bank Transfer","2024/02/20"
"ORD-11588","CUST-254","David Miller","43","Male","Canada","","3","449.37","","PayPal","2024/02/20"
"ORD-11621","CUST-381","Linda Garcia","","F","","Books","1","179.10","","Cash on Delivery","2024-01-15"
"ORD-10164","CUST-350","","26","UNKNOWN","U.S.A.","","5","30.31","920.68","credit card","15/01/2024"
"ORD-11814","CUST-142","David Miller","65","","United States","","1","408.47","995.19","Bank Transfer","2024-04-05"
"ORD-11799","CUST-163","MARY JOHNSON","29","F","U.S.A.","Home & Kitchen","2","","1048.34","Bank Transfer","2024/02/20"
"ORD-12039","CUST-373","David Miller","70","female","U.S.A.","Clothing","3","","56.92","Bank Transfer",""
"ORD-10895","CUST-460","John Smith ","28","F","Canada","elec","10","406.93","269.04","Credit Card","2024-04-05"
"ORD-10279","CUST-309","John Smith ","47","M","United States","Clothing","5","311.53","","PayPal","March 10 2024"
"ORD-10951","CUST-123","","","Female","","Sports","5","","166.76","credit card","15/01/2024"
"ORD-10629","CUST-371","Robert Williams","-5","","France","CLOTHING","","265.89","","","March 10 2024"
"ORD-11940","CUST-428","michael jones","59","UNKNOWN","France","Clothing","10","456.72","480.04","",""
"ORD-10681","CUST-433","Linda Garcia","50","UNKNOWN","Canada","Home & Kitchen","1","441.82","642.05","","2024/02/20"
"ORD-10363","CUST-489","","55","Male","us","Beauty","2","","121.82","Cash on Delivery","March 10 2024"
"ORD-12725","CUST-281","Elizabeth Davis","39","Male","France","Beauty","10","443.54","521.15","","2024/02/20"
"ORD-11373","CUST-306","","43","male","","","6","25.39","466.85","PayPal","2024-04-05"
"ORD-10839","CUST-267","","57","male","U.S.A.","Beauty","3","263.03","140.20","Cash on Delivery","2024-01-15"
"ORD-12833","CUST-305","Elizabeth Davis","59","female","U.S.A.","Sports","5","","","",""
"ORD-10207","CUST-297","Robert Williams","26","","","Home & Kitchen","8","176.03","","","15/01/2024"
"ORD-10043","CUST-289","john smith","29","female","France","elec","10","217.24","2247.02","Bank Transfer","15/01/2024"
"ORD-11556","CUST-249","","54","","USA","elec","","","2151.58","Bank Transfer","15/01/2024"
"ORD-10698","CUST-335","Robert Williams","65","female","","Books","6","289.89","2116.60","Cash on Delivery","March 10 2024"
"ORD-11333","CUST-185","David Miller","23","F","United Kingdom","Books","","15.63","365.59","PAYPAL","2024-04-05"
"ORD-10730","CUST-464","Linda Garcia","62","female","","CLOTHING","","459.12","673.64","","15/01/2024"
"ORD-12567","CUST-347","","29","Female","United Kingdom","Clothing","","337.62","","",""
"ORD-11200","CUST-329","Mary Johnson","19","male","U.S.A.","","4","373.29","","",""
"ORD-10507","CUST-116","David Miller","49","F","USA","","7","113.40","258.97","","15/01/2024"
"ORD-12966","CUST-173","","26","Male","France","Clothing","2","","1133.89","Bank Transfer",""
"ORD-10071","CUST-305","","60","female","Canada","Clothing","6","90.28","470.57","Cash on Delivery","2024/02/20"
"ORD-10779","CUST-460","Patricia Brown","69","","UK","elec","3","154.27","1640.82","PAYPAL",""
"ORD-12630","CUST-182","","","female","Canada","Beauty","8","","452.88","PAYPAL","2024-01-15"
"ORD-11605","CUST-158","Linda Garcia","","Female","UK","elec","","236.64","822.06","PAYPAL","2024/02/20"
"ORD-11471","CUST-135","Elizabeth Davis","67","UNKNOWN","","Clothing","","76.80","479.15","PAYPAL",""
"ORD-10591","CUST-163","","63","","United States","Electronics","9","","522.60","credit card",""
"ORD-10705","CUST-476","","23","","Canada","","1","472.45","563.88","Cash on Delivery",""
"ORD-11460","CUST-311","MARY JOHNSON","","","United Kingdom","Clothing","","62.04","122.93","",""
"ORD-10241","CUST-146","Robert Williams","40","UNKNOWN","United Kingdom","Sports","1","","1437.04","Cash on Delivery","15/01/2024"
"ORD-12741","CUST-311","","26","male","UK","Home & Kitchen","1","293.48","","Bank Transfer",""
"ORD-10671","CUST-189","David Miller","180","Female","United States","Books","6","","553.50","","2024-01-15"
"ORD-11746","CUST-466","","20","F","Germany","Sports","4","378.89","","","2024-04-05"
"ORD-12283","CUST-438","MARY JOHNSON","19","","us","","7","","","credit card","2024-01-15"
"ORD-10102","CUST-325","","66","","U.S.A.","Clothing","10","196.40","2196.40","credit card","15/01/2024"
"ORD-10634","CUST-246","John Smith ","52","female","United States","Clothing","-10","396.05","","","2024-04-05"
"ORD-11016","CUST-420","","49","","Canada","Books","3","190.85","1831.88","","March 10 2024"
"ORD-12263","CUST-432","John Smith ","54","Female","UK","CLOTHING","7","480.03","1100.62","",""
"ORD-12616","CUST-374","Patricia Brown","52","Female","USA","Books","","19.52","40.12","credit card","2024/02/20"
"ORD-11116","CUST-474","michael jones","75","Female","Germany","Sports","2","283.91","","","2024/02/20"
"ORD-12250","CUST-246","michael jones","","female","","Clothing","","322.37","1540.48","","2024-01-15"
"ORD-12559","CUST-177","","33","Female","","Clothing","2","119.47","946.91","","2024-01-15"
"ORD-10890","CUST-234","Linda Garcia","48","UNKNOWN","USA","Beauty","999","126.82","","Credit Card","2024-04-05"
"ORD-10240","CUST-260","john smith","47","male","","","4","150.27","1522.53","","2024/02/20"
"ORD-10297","CUST-324","MARY JOHNSON","","female","U.S.A.","CLOTHING","6","236.53","133.44","credit card",""
"ORD-12175","CUST-456","Patricia Brown","42","Male","United Kingdom","Electronics","9","","","PayPal",""
"ORD-12045","CUST-456","","26","Female","UK","","7","58.70","","credit card","15/01/2024"
"ORD-12400","CUST-468","Linda Garcia","","Male","","Clothing","6","347.75","366.19","","2024-04-05"
"ORD-11352","CUST-348","","","Female","Canada","Beauty","9","","911.29","Cash on Delivery","March 10 2024"
"ORD-10033","CUST-276","David Miller","41","Male","United Kingdom","CLOTHING","","64.10","484.75","credit card","March 10 2024"
"ORD-11409","CUST-375","","25","","us","Clothing","","150.03","1370.05","Bank Transfer","15/01/2024"
"ORD-11561","CUST-373","Mary Johnson","","F","France","Electronics","8","30.97","318.41","Credit Card","2024-01-15"
"ORD-12415","CUST-179","","","Male","U.S.A.","Home & Kitchen","7","338.02","","","2024/02/20"
"ORD-10295","CUST-124","Robert Williams","","female","","Sports","9","484.78","2199.54","PAYPAL","15/01/2024"
"ORD-12020","CUST-463","John Smith ","66","","UK","","","426.70","1601.09","Cash on Delivery","2024-04-05"
"ORD-11845","CUST-482","Patricia Brown","","female","us","CLOTHING","","468.02","2208.35","credit card","2024/02/20"
"ORD-11087","CUST-273","michael jones","35","Female","U.S.A.","Beauty","-10","","","Bank Transfer",""
"ORD-10525","CUST-217","","20","male","","","3","306.10","1836.90","Credit Card","15/01/2024"
"ORD-12972","CUST-100","Linda Garcia","27","female","Germany","elec","9","211.74","2060.87","Credit Card","March 10 2024"
"ORD-12403","CUST-162","john smith","47","","Canada","","1","","","PayPal","2024-04-05"
"ORD-11005","CUST-288","Robert Williams","73","UNKNOWN","UK","Electronics","5","179.09","1904.84","","2024-04-05"
"ORD-10480","CUST-394","","49","","United States","Books","2","285.08","209.05","","2024-01-15"
"ORD-11388","CUST-379","MARY JOHNSON","","","","","2","353.46","699.36","Bank Transfer",""
"ORD-11589","CUST-370","MARY JOHNSON","20","M","United States","elec","7","385.71","","Bank Transfer","15/01/2024"
"ORD-10503","CUST-378","","","","UK","Electronics","1","172.18","2038.33","credit card","2024-04-05"
"ORD-10747","CUST-352","Patricia Brown","","female","United States","","","","1377.98","","2024-04-05"
"ORD-10586","CUST-255","","","female","us","","9","","","Cash on Delivery",""
"ORD-11260","CUST-489","Patricia Brown","","","","Home & Kitchen","4","15000","2028.42","Cash on Delivery","March 10 2024"
"ORD-10602","CUST-118","","65","male","France","Beauty","10","437.87","180.63","credit card","2024-01-15"
"ORD-11307","CUST-332","Patricia Brown","21","","","Beauty","","","","PAYPAL","2024-04-05"
"ORD-10781","CUST-134","michael jones","49","F","","","3","323.08","915.12","Cash on Delivery","2024/02/20"
"ORD-12896","CUST-259","Linda Garcia","73","M","U.S.A.","Electronics","-10","196.45","1413.23","Bank Transfer","2024-01-15"
"ORD-11244","CUST-120","Linda Garcia","","","United States","Sports","8","198.57","","Credit Card","2024-01-15"
"ORD-12562","CUST-220","","","female","","","4","227.79","424.41","Cash on Delivery",""
"ORD-11257","CUST-271","","29","","UK","elec","","356.73","898.40","Bank Transfer","2024/02/20"
"ORD-12212","CUST-290","John Smith ","65","male","Germany","CLOTHING","3","15000","1300.13","credit card","2024-01-15"
"ORD-12535","CUST-418","john smith","27","Male","Germany","","","446.44","240.02","Credit Card","15/01/2024"
"ORD-10749","CUST-403","john smith","","","","Beauty","4","313.84","1872.85","PayPal","2024-04-05"
"ORD-12077","CUST-451","michael jones","-5","","","","8","","2143.43","PayPal",""
"ORD-10964","CUST-444","","","male","USA","","1","383.54","117.55","Credit Card","March 10 2024"
"ORD-12664","CUST-248","Mary Johnson","","male","France","Sports","3","277.62","1747.99","PayPal","2024/02/20"
"ORD-12775","CUST-263","David Miller","31","Female","","Electronics","8","398.40","1960.66","PayPal","2024-01-15"
"ORD-10438","CUST-331","Patricia Brown","","UNKNOWN","United Kingdom","","5","71.83","1026.00","PAYPAL","2024-01-15"
"ORD-12177","CUST-480","Mary Johnson","","M","Germany","Books","","291.56","","Bank Transfer","2024/02/20"
"ORD-12770","CUST-400","","","male","United States","","9","185.44","2242.77","PAYPAL","March 10 2024"
"ORD-11646","CUST-381","John Smith ","37","M","UK","","6","185.92","906.55","credit card","March 10 2024"
"ORD-11981","CUST-309","","180","Female","USA","CLOTHING","8","200.03","2057.50","Credit Card","2024-01-15"
"ORD-12523","CUST-267","","31","","us","Beauty","4","371.39","1713.47","Cash on Delivery",""
"ORD-11254","CUST-250","michael jones","","","Germany","Books","","352.97","1910.51","Bank Transfer",""
"ORD-11497","CUST-184","Patricia Brown","66","female","USA","elec","-10","","1380.21","Cash on Delivery","March 10 2024"
"ORD-12801","CUST-195","MARY JOHNSON","68","","U.S.A.","Clothing","1","80.32","2015.54","Bank Transfer","2024/02/20"
"ORD-10096","CUST-309","Mary Johnson","69","Male","U.S.A.","Clothing","-10","112.52","256.80","","2024/02/20"
"ORD-10941","CUST-230","John Smith ","65","male","","Clothing","5","174.73","","PAYPAL","2024-01-15"
"ORD-12479","CUST-333","Elizabeth Davis","","","UK","Sports","5","15000","","Credit Card","2024-04-05"
"ORD-10699","CUST-201","MARY JOHNSON","67","female","us","","","404.91","1197.00","PayPal",""
"ORD-10751","CUST-104","john smith","68","","U.S.A.","elec","4","","","PAYPAL","2024-04-05"
"ORD-12624","CUST-187","","","","UK","Electronics","6","411.33","2310.48","Bank Transfer","2024/02/20"
"ORD-12556","CUST-317","Elizabeth Davis","","UNKNOWN","United Kingdom","Books","7","241.52","","PAYPAL","2024/02/20"
"ORD-11600","CUST-223","Patricia Brown","44","","France","Home & Kitchen","","224.66","1800.94","","15/01/2024"
"ORD-10188","CUST-369","Elizabeth Davis","","F","France","elec","","155.00","2274.07","PAYPAL","2024-04-05"
"ORD-12447","CUST-128","Mary Johnson","","Male","United Kingdom","","3","173.21","","credit card","2024-01-15"
"ORD-11413","CUST-358","","62","UNKNOWN","","Electronics","1","","2188.49","Bank Transfer","2024-01-15"
"ORD-11119","CUST-198","David Miller","22","male","United Kingdom","elec","10","37.67","","","March 10 2024"
"ORD-12073","CUST-357","Patricia Brown","47","Female","France","Beauty","10","226.52","382.96","PayPal","15/01/2024"
"ORD-12097","CUST-158","john smith","51","F","Canada","Books","1","31.70","970.95","credit card",""
"ORD-11356","CUST-277","michael jones","52","M","USA","Clothing","6","175.89","","","2024/02/20"
"ORD-10996","CUST-144","Mary Johnson","","female","Canada","Electronics","9","208.95","1655.71","","March 10 2024"
"ORD-12067","CUST-249","Mary Johnson","","","U.S.A.","Beauty","4","17.38","2151.63","Bank Transfer","2024-01-15"
"ORD-10336","CUST-294","michael jones","","M","USA","Beauty","","15.88","","Cash on Delivery","2024-01-15"
"ORD-12319","CUST-407","michael jones","50","","Canada","","8","297.62","2367.68","",""
"ORD-10462","CUST-378","","","male","Germany","Electronics","","15000","","Credit Card","March 10 2024"
"ORD-12360","CUST-364","Robert Williams","","M","UK","CLOTHING","5","15000","1203.98","PayPal",""
"ORD-10106","CUST-379","John Smith ","20","","USA","","4","220.30","","credit card","15/01/2024"
"ORD-11286","CUST-273","Mary Johnson","","Male","United States","","9","15000","894.63","","2024/02/20"
"ORD-11749","CUST-301","Patricia Brown","58","F","France","","10","","784.31","Bank Transfer","2024-04-05"
"ORD-12715","CUST-344","","56","Female","UK","Clothing","6","","","PayPal","March 10 2024"
"ORD-12017","CUST-425","","25","F","Canada","","10","229.54","2392.98","PayPal","2024/02/20"
"ORD-11238","CUST-376","","21","Female","Germany","Home & Kitchen","9","242.81","","PayPal","15/01/2024"
"ORD-11309","CUST-125","Robert Williams","","male","us","Beauty","5","125.08","","Cash on Delivery","March 10 2024"
"ORD-12367","CUST-361","","","female","United States","Clothing","2","344.93","","credit card","15/01/2024"
"ORD-10857","CUST-293","Patricia Brown","","female","us","Sports","","10.38","","PayPal","15/01/2024"
"ORD-11755","CUST-422","Robert Williams","180","","","Electronics","10","","","PAYPAL","2024/02/20"
"ORD-12287","CUST-484","Robert Williams","43","","U.S.A.","Books","999","436.13","","credit card","2024-01-15"
"ORD-10080","CUST-479","Robert Williams","","","U.S.A.","CLOTHING","","339.16","1453.88","Cash on Delivery","15/01/2024"
"ORD-12854","CUST-192","John Smith ","","Female","U.S.A.","Home & Kitchen","3","318.14","2201.49","Credit Card","15/01/2024"
"ORD-12894","CUST-405","Elizabeth Davis","63","","UK","Home & Kitchen","","65.19","","","March 10 2024"
"ORD-10942","CUST-231","","","female","Canada","Electronics","4","","1438.37","PayPal",""
"ORD-11978","CUST-336","john smith","","","UK","Books","6","","","PayPal","2024-01-15"
"ORD-11655","CUST-190","michael jones","25","Male","Canada","Sports","","","2293.51","PayPal","2024-01-15"
"ORD-11554","CUST-412","John Smith ","64","","Canada","Home & Kitchen","3","","153.33","Cash on Delivery",""
"ORD-10938","CUST-151","","24","UNKNOWN","Canada","Electronics","","452.52","2053.10","PAYPAL","2024-01-15"
"ORD-10461","CUST-250","michael jones","","","France","","","242.47","1740.49","PayPal","15/01/2024"
"ORD-10856","CUST-462","Mary Johnson","","male","USA","elec","3","167.35","1220.09","PAYPAL",""
"ORD-10321","CUST-239","Linda Garcia","","Female","U.S.A.","Books","","218.50","","PAYPAL","15/01/2024"
"ORD-12768","CUST-260","Linda Garcia","63","female","us","CLOTHING","5","290.37","943.67","","March 10 2024"
"ORD-10387","CUST-229","David Miller","62","UNKNOWN","Canada","","2","","","","2024/02/20"
"ORD-12048","CUST-287","MARY JOHNSON","74","M","USA","Books","4","","","","2024-01-15"
"ORD-11410","CUST-129","Elizabeth Davis","","UNKNOWN","UK","","5","","1898.91","PAYPAL","2024/02/20"
"ORD-10577","CUST-395","michael jones","","F","","CLOTHING","1","","","PAYPAL",""
"ORD-10803","CUST-412","Mary Johnson","64","Male","France","CLOTHING","3","215.82","","PAYPAL",""
"ORD-10660","CUST-177","Patricia Brown","48","male","Germany","","2","","","PAYPAL",""
"ORD-10038","CUST-325","Robert Williams","","M","UK","Beauty","4","","1543.80","Bank Transfer","2024-04-05"
"ORD-12473","CUST-162","Elizabeth Davis","","M","us","","5","","945.03","PAYPAL",""
"ORD-12960","CUST-329","Mary Johnson","55","F","USA","Sports","8","","821.62","credit card","March 10 2024"
"ORD-11440","CUST-461","john smith","75","Female","France","","","","","PAYPAL","15/01/2024"
"ORD-12483","CUST-319","","33","UNKNOWN","us","","4","56.34","2366.09","Credit Card","15/01/2024"
"ORD-10439","CUST-416","Elizabeth Davis","64","Female","France","CLOTHING","6","","1645.46","","2024-04-05"
"ORD-12392","CUST-475","Mary Johnson","","M","us","CLOTHING","5","15000","","Cash on Delivery","2024-01-15"
"ORD-10022","CUST-440","","23","Male","Germany","elec","10","","605.12","","2024/02/20"
"ORD-11432","CUST-169","michael jones","68","female","United Kingdom","Books","9","","2189.98","Bank Transfer","March 10 2024"
"ORD-12741","CUST-311","","26","male","UK","Home & Kitchen","1","293.48","","Bank Transfer",""
"ORD-11446","CUST-191","john smith","","Female","France","CLOTHING","8","443.83","423.73","Cash on Delivery","2024-04-05"
"ORD-10269","CUST-458","Elizabeth Davis","","M","","Electronics","2","228.18","779.53","Cash on Delivery","15/01/2024"
"ORD-11284","CUST-324","Elizabeth Davis","59","M","","Sports","1","296.53","","Cash on Delivery","15/01/2024"
"ORD-11603","CUST-397","Linda Garcia","68","F","","Electronics","","","","Cash on Delivery","15/01/2024"
"ORD-10986","CUST-130","Mary Johnson","43","M","France","elec","999","230.99","1264.73","PayPal","2024-01-15"
"ORD-12876","CUST-300","Robert Williams","43","","UK","Beauty","9","349.96","625.72","PAYPAL","March 10 2024"
"ORD-11952","CUST-105","MARY JOHNSON","","male","","Electronics","2","","1656.69","Bank Transfer",""
"ORD-10583","CUST-209","michael jones","67","UNKNOWN","UK","Books","7","234.58","747.68","Bank Transfer","15/01/2024"
"ORD-11459","CUST-103","Elizabeth Davis","65","female","Germany","Clothing","","144.44","1159.71","","2024-01-15"
"ORD-10702","CUST-365","","","","","Books","","","","credit card","2024-01-15"
"ORD-12690","CUST-246","michael jones","","","United Kingdom","","8","176.27","386.20","credit card","2024/02/20"
"ORD-12602","CUST-316","john smith","51","","","elec","4","390.30","1470.07","Cash on Delivery","2024-04-05"
"ORD-10225","CUST-474","","","Male","","Sports","9","110.43","1484.30","PAYPAL","2024/02/20"
"ORD-10852","CUST-225","Mary Johnson","50","F","USA","Electronics","6","","205.97","PAYPAL","March 10 2024"
"ORD-12232","CUST-498","Patricia Brown","","","USA","Home & Kitchen","","","","Credit Card","2024-01-15"
"ORD-10728","CUST-149","Robert Williams","22","F","Germany","elec","10","281.21","313.04","","15/01/2024"
"ORD-12789","CUST-252","","34","Female","","elec","6","229.85","587.06","PAYPAL","15/01/2024"
"ORD-12802","CUST-209","Mary Johnson","59","F","France","Electronics","6","","417.28","PayPal","2024/02/20"
"ORD-11792","CUST-155","David Miller","","M","","Clothing","10","","1653.37","PAYPAL","15/01/2024"
"ORD-10934","CUST-417","David Miller","23","","us","CLOTHING","","","2190.00","Cash on Delivery","March 10 2024"
"ORD-12070","CUST-222","Patricia Brown","18","M","United States","","7","","1265.98","credit card","15/01/2024"
"ORD-10987","CUST-499","Mary Johnson","48","F","UK","","4","17.70","2350.29","Cash on Delivery","15/01/2024"
"ORD-12610","CUST-439","","","UNKNOWN","USA","Sports","5","285.12","932.68","Cash on Delivery","2024-01-15"
"ORD-12412","CUST-111","Mary Johnson","67","M","UK","Books","6","","1299.37","Bank Transfer","15/01/2024"
"ORD-11487","CUST-151","MARY JOHNSON","","male","Germany","Beauty","10","","1500.91","","2024-01-15"
"ORD-10292","CUST-315","","31","M","","Clothing","8","16.58","1453.37","PAYPAL","2024-04-05"
"ORD-10345","CUST-317","","61","Male","","Electronics","3","402.20","2419.18","","2024-01-15"
"ORD-11830","CUST-206","David Miller","73","female","us","Electronics","9","117.16","","Cash on Delivery","2024-01-15"
"ORD-10926","CUST-413","","","F","","Electronics","999","126.98","2240.88","","2024/02/20"
"ORD-11239","CUST-252","John Smith ","54","Female","Canada","Books","999","134.53","269.96","PAYPAL",""
"ORD-11298","CUST-322","MARY JOHNSON","","Male","France","elec","7","73.14","1402.05","","2024-01-15"
"ORD-11882","CUST-188","Patricia Brown","73","male","","Beauty","","196.64","2008.86","Credit Card","15/01/2024"
"ORD-11151","CUST-114","Robert Williams","75","","United States","","3","423.65","2388.84","Bank Transfer","2024/02/20"
"ORD-10765","CUST-307","michael jones","","M","United States","Beauty","","494.08","645.76","PayPal","15/01/2024"
"ORD-12106","CUST-157","","180","","U.S.A.","Sports","","116.71","","","2024/02/20"
"ORD-10331","CUST-466","Patricia Brown","46","Female","United States","Beauty","9","15000","1162.01","","15/01/2024"
"ORD-12019","CUST-205","","","F","","Home & Kitchen","9","","841.89","Cash on Delivery","2024-01-15"
"ORD-12693","CUST-403","Mary Johnson","57","UNKNOWN","us","","7","389.50","1882.97","credit card","15/01/2024"
"ORD-11456","CUST-261","","","Male","United Kingdom","CLOTHING","","15000","2370.61","","March 10 2024"
"ORD-10725","CUST-181","Elizabeth Davis","","Male","Germany","Sports","2","","439.80","PayPal","2024-01-15"
"ORD-12002","CUST-393","Mary Johnson","33","female","France","elec","8","120.16","1144.58","PAYPAL","2024-01-15"
"ORD-12920","CUST-479","MARY JOHNSON","44","M","United States","Books","999","","2174.60","","March 10 2024"
"ORD-11986","CUST-391","","62","M","United States","Electronics","10","24.03","1059.05","Credit Card","2024-01-15"
"ORD-12961","CUST-451","Robert Williams","18","","UK","Electronics","9","79.31","1906.63","credit card","2024-01-15"
"ORD-10419","CUST-304","Robert Williams","","female","U.S.A.","","2","","1909.46","Cash on Delivery","March 10 2024"
"ORD-11830","CUST-206","David Miller","73","female","us","Electronics","9","117.16","","Cash on Delivery","2024-01-15"
"ORD-10582","CUST-446","Patricia Brown","","Female","","Beauty","1","494.26","","credit card","2024-04-05"
"ORD-10015","CUST-158","michael jones","50","male","us","Books","","451.92","1823.83","PayPal","2024-01-15"
"ORD-10510","CUST-181","Mary Johnson","","","us","","2","205.53","893.91","Bank Transfer",""
"ORD-12940","CUST-106","","","","","Books","6","467.27","1916.69","Cash on Delivery","15/01/2024"
"ORD-11859","CUST-100","","","","United Kingdom","Books","10","264.33","1200.59","Cash on Delivery","2024/02/20"
"ORD-11064","CUST-469","Mary Johnson","","male","U.S.A.","Sports","6","193.09","834.74","","2024/02/20"
"ORD-12851","CUST-488","Linda Garcia","63","female","United Kingdom","elec","2","","2118.50","PayPal","15/01/2024"
"ORD-10112","CUST-351","Mary Johnson","18","F","U.S.A.","CLOTHING","10","","","PayPal","March 10 2024"
"ORD-10532","CUST-421","Linda Garcia","","F","U.S.A.","Home & Kitchen","1","","1033.58","PayPal",""
"ORD-11227","CUST-213","","","Male","Canada","","","168.80","1404.90","credit card","2024-04-05"
"ORD-11796","CUST-495","David Miller","63","","","Clothing","","310.63","","PAYPAL","2024-04-05"
"ORD-10628","CUST-211","John Smith ","39","female","Germany","elec","6","70.56","638.32","PAYPAL","15/01/2024"
"ORD-10335","CUST-257","Robert Williams","43","male","Germany","","","444.32","859.48","PAYPAL","2024-01-15"
"ORD-12498","CUST-128","michael jones","42","","U.S.A.","","8","58.27","","Bank Transfer","15/01/2024"
"ORD-12035","CUST-284","Elizabeth Davis","61","","United States","Beauty","","156.18","2303.37","PayPal","March 10 2024"
"ORD-10629","CUST-371","Robert Williams","-5","","France","CLOTHING","","265.89","","","March 10 2024"
"ORD-11318","CUST-282","Mary Johnson","","","Canada","","3","79.30","1753.26","credit card",""
"ORD-12124","CUST-181","michael jones","20","UNKNOWN","Germany","","5","195.82","2311.11","","2024/02/20"
"ORD-11433","CUST-220","Linda Garcia","55","Female","France","Beauty","","268.89","960.17","PAYPAL","2024/02/20"
"ORD-11173","CUST-178","Linda Garcia","","Female","Canada","Electronics","4","171.88","279.12","Bank Transfer","March 10 2024"
"ORD-10017","CUST-354","michael jones","","male","Germany","Home & Kitchen","","277.82","747.57","Cash on Delivery","2024/02/20"
"ORD-11196","CUST-210","Robert Williams","55","Male","","Clothing","8","390.86","1644.29","Bank Transfer","15/01/2024"
"ORD-11477","CUST-324","Patricia Brown","","","U.S.A.","CLOTHING","8","169.24","334.04","","2024-04-05"
"ORD-12941","CUST-163","David Miller","","Male","United States","","","267.95","76.75","Cash on Delivery","15/01/2024"
"ORD-10732","CUST-344","Linda Garcia","","","U.S.A.","Electronics","","169.92","68.82","PayPal","15/01/2024"
"ORD-12688","CUST-429","michael jones","","UNKNOWN","UK","Beauty","5","113.97","","","2024-04-05"
"ORD-11360","CUST-117","","","UNKNOWN","U.S.A.","elec","","434.18","711.90","Credit Card","March 10 2024"
"ORD-11360","CUST-117","","","UNKNOWN","U.S.A.","elec","","434.18","711.90","Credit Card","March 10 2024"
"ORD-12333","CUST-250","David Miller","38","female","UK","CLOTHING","","","1152.64","","March 10 2024"
"ORD-12008","CUST-340","David Miller","62","","USA","Home & Kitchen","6","10.87","1724.76","","15/01/2024"
"ORD-10463","CUST-363","Robert Williams","34","Male","U.S.A.","CLOTHING","4","436.66","270.03","Cash on Delivery","2024-01-15"
"ORD-10450","CUST-437","David Miller","44","","UK","Beauty","10","448.14","1574.21","PAYPAL","2024-04-05"
"ORD-12934","CUST-278","","48","UNKNOWN","United States","Books","9","450.42","268.51","PayPal","2024/02/20"
"ORD-10050","CUST-256","Robert Williams","28","F","U.S.A.","","9","11.09","486.41","Credit Card","2024-04-05"
"ORD-11676","CUST-442","","58","UNKNOWN","","Clothing","6","","2045.26","Bank Transfer","March 10 2024"
"ORD-12279","CUST-201","Robert Williams","61","UNKNOWN","United States","Electronics","3","","1581.19","","March 10 2024"
"ORD-11662","CUST-420","Patricia Brown","40","male","USA","","10","","620.96","Credit Card","2024/02/20"
"ORD-10614","CUST-112","Robert Williams","37","male","Canada","Sports","8","84.86","449.46","PAYPAL","March 10 2024"
"ORD-12857","CUST-290","","42","","us","","5","314.11","","PAYPAL","2024-01-15"
"ORD-11546","CUST-350","michael jones","","male","U.S.A.","Clothing","3","84.77","1354.25","Cash on Delivery","2024-01-15"
"ORD-12856","CUST-290","","47","F","","Sports","5","245.52","1725.88","Cash on Delivery","2024-04-05"
"ORD-10357","CUST-241","Patricia Brown","","female","France","elec","","426.31","","credit card","2024/02/20"
"ORD-10378","CUST-130","","75","Male","U.S.A.","elec","9","253.79","","PAYPAL","2024-04-05"
"ORD-11494","CUST-318","Patricia Brown","-5","","United Kingdom","elec","2","439.19","1665.23","Credit Card","2024-01-15"
"ORD-11237","CUST-151","David Miller","52","UNKNOWN","Germany","Beauty","1","","2324.42","","2024/02/20"
"ORD-11558","CUST-441","michael jones","73","","Canada","Books","4","96.15","","PAYPAL","2024-01-15"
"ORD-11571","CUST-308","Robert Williams","66","Male","","Books","3","","791.65","Credit Card","2024-01-15"
"ORD-11544","CUST-456","MARY JOHNSON","27","F","UK","Beauty","10","370.94","2171.74","","2024-01-15"
"ORD-12187","CUST-105","john smith","37","Female","United Kingdom","Books","2","331.17","1061.46","",""
"ORD-10908","CUST-456","John Smith ","57","Female","","CLOTHING","4","11.23","2287.64","","2024/02/20"
"ORD-11259","CUST-372","","44","M","Germany","elec","10","","","Credit Card","15/01/2024"
"ORD-12079","CUST-110","Linda Garcia","180","","UK","","","402.53","1455.44","Cash on Delivery","March 10 2024"
"ORD-12968","CUST-294","John Smith ","","Female","us","Sports","10","15000","","Credit Card","2024-04-05"
"ORD-11896","CUST-201","Elizabeth Davis","","","UK","Sports","-10","460.19","1733.84","Bank Transfer","2024-04-05"
"ORD-12786","CUST-433","David Miller","","Female","U.S.A.","Clothing","1","33.70","","PayPal","15/01/2024"
"ORD-11365","CUST-214","Linda Garcia","25","Female","Germany","","2","425.98","758.31","PayPal","2024-04-05"
"ORD-10863","CUST-354","john smith","36","","","Sports","","","2082.10","Cash on Delivery","2024-04-05"
"ORD-12472","CUST-274","David Miller","25","Male","Germany","CLOTHING","9","483.28","1348.64","","2024/02/20"
"ORD-12661","CUST-200","David Miller","","Female","","","4","252.33","388.14","Credit Card","2024-04-05"
"ORD-10815","CUST-170","Patricia Brown","24","","United Kingdom","Clothing","4","","2211.37","Bank Transfer","March 10 2024"
"ORD-11164","CUST-450","MARY JOHNSON","62","F","United Kingdom","Books","1","","1484.94","","March 10 2024"
"ORD-11984","CUST-156","Mary Johnson","68","M","","CLOTHING","4","465.98","1263.23","Bank Transfer","March 10 2024"
"ORD-10591","CUST-163","","63","","United States","Electronics","9","","522.60","credit card",""
"ORD-12834","CUST-216","Mary Johnson","","","France","","6","","117.79","credit card","15/01/2024"
"ORD-12015","CUST-181","Elizabeth Davis","28","Male","","Sports","9","366.17","","Bank Transfer","15/01/2024"
"ORD-12938","CUST-271","","44","F","France","","","435.71","1313.68","Bank Transfer","2024-04-05"
"ORD-10458","CUST-364","Robert Williams","45","Female","Canada","Beauty","","487.40","2315.11","Cash on Delivery","2024-01-15"
"ORD-10521","CUST-122","David Miller","74","Female","USA","Clothing","","266.47","","PAYPAL","2024-04-05"
"ORD-11101","CUST-402","John Smith ","63","Male","us","Sports","4","494.57","590.19","Cash on Delivery","March 10 2024"
"ORD-12956","CUST-242","Patricia Brown","20","UNKNOWN","","elec","4","303.29","1658.26","","2024/02/20"
"ORD-11149","CUST-170","David Miller","","male","UK","","6","212.79","40.59","","2024-01-15"
"ORD-12913","CUST-225","Linda Garcia","71","UNKNOWN","Canada","","4","344.08","2060.59","","2024-01-15"
"ORD-10329","CUST-157","michael jones","30","male","United States","Electronics","3","428.00","218.44","","2024-01-15"
"ORD-10488","CUST-220","","","","U.S.A.","CLOTHING","","111.41","2205.54","","2024/02/20"
"ORD-11834","CUST-127","","35","female","USA","Beauty","","388.53","1185.12","","2024-04-05"
"ORD-10456","CUST-418","Elizabeth Davis","42","UNKNOWN","","CLOTHING","","113.26","2145.16","","2024-04-05"
"ORD-11435","CUST-165","","54","F","","","5","","835.44","",""
"ORD-12648","CUST-199","MARY JOHNSON","","M","","Beauty","3","","","PAYPAL",""
"ORD-10166","CUST-101","","70","Female","U.S.A.","elec","10","","860.80","","2024-04-05"
"ORD-11682","CUST-242","Mary Johnson","68","","","Home & Kitchen","8","","735.26","","2024/02/20"
"ORD-10285","CUST-151","Linda Garcia","","","United Kingdom","Electronics","","293.72","","Bank Transfer","2024-01-15"
"ORD-11472","CUST-338","David Miller","48","female","United States","Beauty","","","848.35","Bank Transfer",""
"ORD-10927","CUST-427","Linda Garcia","","","Canada","elec","","21.12","765.58","PayPal","2024/02/20"
"ORD-12837","CUST-263","Robert Williams","32","male","France","Beauty","5","465.69","","Bank Transfer","2024-01-15"
"ORD-10538","CUST-486","","44","female","","Clothing","4","479.58","","",""
"ORD-12733","CUST-386","","58","Male","","elec","6","250.03","509.32","","2024-01-15"
"ORD-12544","CUST-373","David Miller","","","France","Home & Kitchen","8","155.20","721.59","",""
"ORD-11047","CUST-498","michael jones","41","","UK","Home & Kitchen","7","373.86","1014.35","Bank Transfer","2024-04-05"
"ORD-12686","CUST-285","","26","","UK","","10","","","Cash on Delivery",""
"ORD-10063","CUST-148","David Miller","","UNKNOWN","","Books","5","390.35","1641.19","PAYPAL","2024-04-05"
"ORD-11144","CUST-342","David Miller","61","Female","United Kingdom","","4","350.49","","",""
"ORD-12998","CUST-168","John Smith ","","male","United States","Sports","10","26.76","1172.88","Bank Transfer","2024/02/20"
"ORD-11795","CUST-469","","60","M","United States","","1","222.57","2237.04","Bank Transfer","2024/02/20"
"ORD-11003","CUST-362","MARY JOHNSON","-5","Female","UK","Sports","10","173.03","","credit card","2024-04-05"
"ORD-11616","CUST-364","","","F","Germany","Beauty","","227.87","","Credit Card",""
"ORD-11024","CUST-416","Mary Johnson","68","Female","","","2","438.25","2022.59","Cash on Delivery",""
"ORD-10841","CUST-424","Robert Williams","","","Germany","CLOTHING","7","","1367.89","credit card","15/01/2024"
"ORD-10530","CUST-284","MARY JOHNSON","33","male","USA","Books","6","","1621.21","PAYPAL","2024/02/20"
"ORD-10814","CUST-413","Elizabeth Davis","74","Female","Germany","elec","","","2031.21","PAYPAL","2024-04-05"
"ORD-11053","CUST-243","David Miller","","female","","Books","","305.64","2076.95","Cash on Delivery","2024/02/20"
"ORD-10374","CUST-397","Robert Williams","67","","us","Books","9","487.14","","PayPal","2024-01-15"
"ORD-11202","CUST-462","John Smith ","36","Male","U.S.A.","Home & Kitchen","10","15000","31.10","PayPal","2024/02/20"
"ORD-10767","CUST-196","Linda Garcia","73","M","U.S.A.","Home & Kitchen","6","438.05","1773.23","Credit Card","15/01/2024"
"ORD-11405","CUST-206","","","female","Canada","Home & Kitchen","","354.03","2319.13","credit card","2024/02/20"
"ORD-10640","CUST-223","John Smith ","59","Male","","","10","15000","","","2024-04-05"
"ORD-10245","CUST-354","","-5","female","us","Electronics","999","15000","1327.70","credit card","2024/02/20"
"ORD-12161","CUST-265","","","F","Germany","","5","472.93","","","March 10 2024"
"ORD-12972","CUST-100","Linda Garcia","27","female","Germany","elec","9","211.74","2060.87","Credit Card","March 10 2024"
"ORD-11201","CUST-400","MARY JOHNSON","","","UK","Sports","9","","1238.10","Bank Transfer","2024-04-05"
"ORD-10690","CUST-391","","40","UNKNOWN","us","Clothing","1","228.00","2179.20","","2024-04-05"
"ORD-10499","CUST-221","john smith","","","U.S.A.","","7","201.99","","credit card","2024-01-15"
"ORD-10984","CUST-143","John Smith ","71","","U.S.A.","elec","1","31.35","2159.42","",""
"ORD-11858","CUST-365","John Smith ","","M","United States","CLOTHING","9","127.19","413.71","Credit Card",""
"ORD-12444","CUST-376","","32","Male","France","elec","7","384.17","988.00","Bank Transfer","2024-04-05"
"ORD-11659","CUST-375","john smith","60","","USA","Sports","","494.23","493.69","Bank Transfer","15/01/2024"
"ORD-11867","CUST-383","Mary Johnson","75","male","United States","Home & Kitchen","7","256.34","869.32","credit card","2024/02/20"
"ORD-10830","CUST-235","Patricia Brown","","male","United States","Sports","9","","610.96","",""
"ORD-11320","CUST-370","michael jones","30","Male","United Kingdom","Home & Kitchen","","379.65","2286.65","","2024-01-15"
"ORD-10844","CUST-408","john smith","","UNKNOWN","United Kingdom","Electronics","8","177.83","1350.07","Cash on Delivery","March 10 2024"
"ORD-11997","CUST-460","michael jones","30","M","United States","Beauty","3","","","",""
"ORD-10301","CUST-420","MARY JOHNSON","","M","USA","Beauty","","239.96","","PAYPAL","March 10 2024"
"ORD-12532","CUST-325","michael jones","62","Male","USA","","10","151.87","453.79","Cash on Delivery",""
"ORD-12058","CUST-320","Linda Garcia","","","","Home & Kitchen","6","152.83","758.56","","2024/02/20"
"ORD-12068","CUST-171","","44","","us","","","26.54","1924.55","Credit Card","15/01/2024"
"ORD-12387","CUST-226","Linda Garcia","25","","Canada","Clothing","4","","804.67","Bank Transfer","2024-01-15"
"ORD-11160","CUST-495","MARY JOHNSON","-5","female","United Kingdom","Electronics","9","145.47","1683.49","PAYPAL","2024/02/20"
"ORD-11211","CUST-220","MARY JOHNSON","","male","","","","180.36","129.05","Cash on Delivery","2024/02/20"
"ORD-12584","CUST-304","MARY JOHNSON","","M","France","Beauty","4","379.09","877.98","PAYPAL","2024-04-05"
"ORD-11339","CUST-162","","","female","United Kingdom","Sports","999","225.23","1571.23","Cash on Delivery","2024-01-15"
"ORD-11823","CUST-155","Mary Johnson","52","F","USA","Beauty","2","","342.85","Bank Transfer","2024-01-15"
"ORD-12089","CUST-253","","43","female","","elec","1","81.74","","","15/01/2024"
"ORD-10613","CUST-291","","33","Male","UK","Beauty","4","","2172.46","Credit Card","2024/02/20"
"ORD-10518","CUST-170","Patricia Brown","","female","Germany","Sports","6","156.93","1849.54","PAYPAL","15/01/2024"
"ORD-12040","CUST-344","Linda Garcia","32","Male","U.S.A.","Clothing","3","172.73","531.76","",""
"ORD-10189","CUST-106","David Miller","34","","USA","Books","4","299.06","1594.98","Credit Card",""
"ORD-12810","CUST-248","michael jones","21","female","","","","477.55","645.10","credit card","15/01/2024"
"ORD-12512","CUST-239","David Miller","62","male","us","Books","","285.81","","","2024-04-05"
"ORD-12687","CUST-248","Linda Garcia","","M","Canada","Beauty","999","262.24","1326.55","PayPal",""
"ORD-11090","CUST-470","","48","","France","Home & Kitchen","","","1036.64","Cash on Delivery","2024-04-05"
"ORD-12054","CUST-438","john smith","","M","","CLOTHING","6","","1298.88","credit card","2024/02/20"
"ORD-11921","CUST-289","john smith","74","Female","Canada","","10","265.86","2176.36","PAYPAL","15/01/2024"
"ORD-10290","CUST-190","David Miller","60","Female","France","Sports","9","43.72","2247.34","credit card","March 10 2024"
"ORD-11367","CUST-187","John Smith ","30","","Germany","","","105.84","","","15/01/2024"
"ORD-12981","CUST-119","MARY JOHNSON","50","Male","United States","Books","5","263.07","","Credit Card","2024-04-05"
"ORD-12148","CUST-403","John Smith ","","male","us","Home & Kitchen","-10","261.92","1233.34","Bank Transfer","March 10 2024"
"ORD-10546","CUST-110","","33","Male","","elec","","263.33","2358.84","Credit Card","2024-04-05"
"ORD-10252","CUST-260","","","Male","USA","Beauty","","118.40","","","2024-04-05"
"ORD-10059","CUST-394","","","Male","","Electronics","","328.32","800.79","","15/01/2024"
"ORD-10265","CUST-489","Robert Williams","52","M","USA","Books","","463.40","223.00","Cash on Delivery",""
"ORD-11939","CUST-357","Robert Williams","22","male","France","Books","4","142.05","205.55","Bank Transfer","2024/02/20"
"ORD-10307","CUST-329","John Smith ","57","M","U.S.A.","Home & Kitchen","4","15000","2198.36","PAYPAL",""
"ORD-12287","CUST-484","Robert Williams","43","","U.S.A.","Books","999","436.13","","credit card","2024-01-15"
"ORD-12378","CUST-122","john smith","","","","elec","","352.19","","Bank Transfer","March 10 2024"
"ORD-10971","CUST-146","David Miller","53","male","","CLOTHING","7","173.17","1773.66","","2024-01-15"
"ORD-12113","CUST-115","Mary Johnson","49","male","France","Sports","","411.09","360.90","Credit Card",""
"ORD-12248","CUST-383","Elizabeth Davis","","male","Canada","Clothing","","","360.68","Cash on Delivery","15/01/2024"
"ORD-12919","CUST-306","Mary Johnson","36","Female","","","4","499.34","","","2024-01-15"
"ORD-11664","CUST-141","","","female","","Electronics","1","92.95","1685.07","PAYPAL","March 10 2024"
"ORD-10818","CUST-475","john smith","66","F","United States","elec","6","","","Bank Transfer","15/01/2024"
"ORD-11416","CUST-273","Robert Williams","54","UNKNOWN","U.S.A.","Sports","3","365.07","1500.92","PayPal","March 10 2024"
"ORD-11397","CUST-171","Linda Garcia","","UNKNOWN","","Books","-10","427.97","","",""
"ORD-10410","CUST-117","John Smith ","21","female","USA","Beauty","7","","212.96","Bank Transfer","March 10 2024"
"ORD-11857","CUST-302","John Smith ","","female","Germany","Home & Kitchen","","407.06","546.23","Cash on Delivery","2024-04-05"
"ORD-12839","CUST-438","Mary Johnson","20","","us","CLOTHING","6","290.75","2068.13","credit card","March 10 2024"
"ORD-11468","CUST-280","John Smith ","35","Male","UK","Electronics","5","","","","15/01/2024"
"ORD-10324","CUST-175","","75","Female","","","","","931.05","Cash on Delivery","2024-04-05"
"ORD-10349","CUST-463","","180","","United States","Beauty","7","15000","","Bank Transfer","15/01/2024"
"ORD-11519","CUST-385","John Smith ","","F","USA","Books","3","325.14","1511.25","PAYPAL",""
"ORD-10473","CUST-177","Mary Johnson","18","UNKNOWN","us","elec","5","365.68","1524.35","PAYPAL",""
"ORD-12521","CUST-192","","73","UNKNOWN","U.S.A.","elec","4","183.55","","Credit Card","2024-01-15"
"ORD-11463","CUST-110","John Smith ","","M","UK","elec","5","288.60","","PayPal","2024-01-15"
"ORD-10997","CUST-315","Elizabeth Davis","26","male","us","Books","10","","","PAYPAL","2024/02/20"
"ORD-10202","CUST-170","michael jones","","","France","Home & Kitchen","","249.27","1388.70","Bank Transfer","2024-01-15"
"ORD-12127","CUST-159","","71","male","USA","Electronics","10","","","Bank Transfer","March 10 2024"
"ORD-12836","CUST-140","","31","female","Canada","","2","264.32","1874.79","","2024/02/20"
"ORD-10341","CUST-485","Linda Garcia","","Female","Canada","","","154.08","","credit card","2024/02/20"
"ORD-11521","CUST-484","","56","Male","United Kingdom","Electronics","9","407.18","1518.27","Cash on Delivery","March 10 2024"
"ORD-10713","CUST-439","john smith","","UNKNOWN","U.S.A.","Sports","10","225.45","149.67","Credit Card","15/01/2024"
"ORD-11651","CUST-257","Patricia Brown","32","","Canada","Clothing","4","453.78","2060.65","Cash on Delivery","2024/02/20"
"ORD-12900","CUST-276","","46","male","U.S.A.","Clothing","8","113.94","","","2024-01-15"
"ORD-12689","CUST-241","MARY JOHNSON","","F","United States","","","144.29","","PayPal","2024/02/20"
"ORD-11111","CUST-195","Elizabeth Davis","","male","UK","Home & Kitchen","9","142.39","1952.90","PAYPAL","2024-04-05"
"ORD-10134","CUST-459","Mary Johnson","","UNKNOWN","","","7","481.57","2266.47","PAYPAL","2024-04-05"
"ORD-12277","CUST-147","David Miller","","","","Clothing","5","208.31","1172.10","Bank Transfer","2024/02/20"
"ORD-12570","CUST-496","john smith","51","female","Germany","Beauty","1","473.02","1011.26","PayPal","2024/02/20"
"ORD-11729","CUST-415","john smith","42","female","us","","1","171.05","959.45","","2024-01-15"
"ORD-12203","CUST-204","john smith","67","male","Canada","","999","","1137.28","",""
"ORD-10398","CUST-381","Mary Johnson","49","male","","Sports","3","455.87","1819.57","","15/01/2024"
"ORD-11599","CUST-494","Mary Johnson","52","Male","U.S.A.","","4","491.88","1254.57","PAYPAL","15/01/2024"
"ORD-12958","CUST-409","Elizabeth Davis","58","","Canada","CLOTHING","6","368.00","2065.45","","2024/02/20"
"ORD-12352","CUST-129","","","Male","","Home & Kitchen","2","433.30","","Bank Transfer","March 10 2024"
"ORD-10607","CUST-170","john smith","43","","United States","Beauty","","412.88","547.36","","2024-04-05"
"ORD-10757","CUST-374","Mary Johnson","37","F","France","CLOTHING","3","","","Bank Transfer","2024/02/20"
"ORD-11229","CUST-445","","70","female","U.S.A.","Books","6","356.71","1704.60","PAYPAL","2024-01-15"
"ORD-10354","CUST-459","","","male","U.S.A.","Electronics","6","","","","2024-01-15"
"ORD-10434","CUST-265","john smith","72","male","","elec","4","","","Credit Card","2024/02/20"
"ORD-11597","CUST-499","","","","UK","Books","7","387.73","372.32","Bank Transfer","2024-01-15"
"ORD-12190","CUST-495","John Smith ","55","","Canada","Books","1","90.05","","","2024-01-15"
"ORD-10093","CUST-274","Mary Johnson","","UNKNOWN","United States","elec","","399.10","","PayPal",""
"ORD-11381","CUST-476","john smith","40","female","USA","Beauty","7","307.92","1132.83","credit card","2024/02/20"
"ORD-11280","CUST-482","","-5","UNKNOWN","Germany","Books","","145.70","409.65","Cash on Delivery","March 10 2024"
"ORD-10376","CUST-377","john smith","31","F","France","Books","3","","49.72","PayPal","2024-04-05"
"ORD-11236","CUST-472","David Miller","","Male","USA","Clothing","","92.99","","PayPal","2024/02/20"
"ORD-10746","CUST-337","","","","France","Home & Kitchen","4","","54.28","PayPal","2024-01-15"
"ORD-11398","CUST-460","Linda Garcia","28","Female","","elec","4","15000","","PayPal","March 10 2024"
"ORD-12422","CUST-461","David Miller","","male","United Kingdom","Sports","4","","617.60","Credit Card","2024-04-05"
"ORD-12807","CUST-242","MARY JOHNSON","49","male","Germany","Electronics","5","358.02","","PayPal","15/01/2024"
"ORD-11269","CUST-108","Elizabeth Davis","73","male","","Books","10","434.59","","Credit Card",""
"ORD-11323","CUST-319","","60","Female","us","Beauty","","67.36","1722.93","credit card","March 10 2024"
"ORD-11189","CUST-470","Patricia Brown","19","","Germany","Home & Kitchen","","277.52","","credit card",""
"ORD-11543","CUST-206","","73","Male","United States","","","","","PayPal","2024-04-05"
"ORD-12431","CUST-142","Linda Garcia","46","","","","9","257.73","","PayPal","2024-01-15"
"ORD-11203","CUST-332","Mary Johnson","","UNKNOWN","United States","Books","","391.76","985.05","credit card","2024/02/20"
"ORD-11112","CUST-142","michael jones","","","","Beauty","8","","1543.15","Cash on Delivery","2024-04-05"
"ORD-11839","CUST-388","Patricia Brown","48","Female","France","Books","2","258.26","87.98","PAYPAL","2024-01-15"
"ORD-12114","CUST-307","Mary Johnson","26","male","us","Electronics","8","","1800.70","Cash on Delivery",""
"ORD-12645","CUST-186","","55","Female","","Sports","9","93.61","894.34","PayPal","2024-04-05"
"ORD-10479","CUST-302","Mary Johnson","49","Female","United States","","8","427.18","646.87","Credit Card","March 10 2024"
"ORD-11780","CUST-140","michael jones","","M","Germany","Books","10","189.90","2341.24","",""
"ORD-11836","CUST-397","","71","M","United Kingdom","","","48.42","52.36","",""
"ORD-10036","CUST-242","michael jones","25","Male","us","","2","412.43","838.07","PayPal","March 10 2024"
"ORD-11004","CUST-118","Mary Johnson","35","","France","CLOTHING","","295.18","","credit card","2024/02/20"
"ORD-10195","CUST-137","Linda Garcia","23","F","U.S.A.","Beauty","2","","881.78","","15/01/2024"
"ORD-12331","CUST-192","Robert Williams","49","","us","Books","7","165.09","","Cash on Delivery","2024/02/20"
"ORD-12294","CUST-116","MARY JOHNSON","64","UNKNOWN","USA","","3","466.66","948.17","",""
"ORD-10922","CUST-409","","49","M","UK","CLOTHING","9","249.23","2014.20","","2024-01-15"
"ORD-10918","CUST-143","David Miller","","UNKNOWN","us","elec","2","204.66","123.40","PAYPAL","2024-04-05"
"ORD-12710","CUST-408","john smith","24","Male","","elec","10","177.81","1745.30","Cash on Delivery","March 10 2024"
"ORD-12773","CUST-496","Linda Garcia","","female","France","Home & Kitchen","999","467.61","","Bank Transfer",""
"ORD-10761","CUST-209","Linda Garcia","45","Male","USA","Beauty","7","273.35","2109.91","","2024/02/20"
"ORD-10166","CUST-101","","70","Female","U.S.A.","elec","10","","860.80","","2024-04-05"
"ORD-10602","CUST-118","","65","male","France","Beauty","10","437.87","180.63","credit card","2024-01-15"
"ORD-12194","CUST-341","David Miller","38","M","Canada","Sports","4","215.53","2281.63","","2024/02/20"
"ORD-12271","CUST-178","","65","","France","Sports","9","163.53","","Credit Card","15/01/2024"
"ORD-10283","CUST-245","michael jones","28","","France","Beauty","6","387.42","750.75","credit card","2024-04-05"
"ORD-11916","CUST-280","David Miller","180","","France","","","230.83","1292.05","",""
"ORD-12275","CUST-473","","","Male","UK","Clothing","","480.49","1304.99","PayPal","15/01/2024"
"ORD-12700","CUST-312","","","Female","Canada","Beauty","3","","","Credit Card","March 10 2024"
"ORD-12118","CUST-133","Robert Williams","180","","Canada","Beauty","","440.82","708.47","PayPal","2024-04-05"
"ORD-10621","CUST-124","Elizabeth Davis","75","F","us","","","65.43","2290.39","","2024-01-15"
"ORD-12782","CUST-332","David Miller","43","female","","Electronics","6","108.76","639.24","Credit Card","2024-01-15"
"ORD-11546","CUST-350","michael jones","","male","U.S.A.","Clothing","3","84.77","1354.25","Cash on Delivery","2024-01-15"
"ORD-10183","CUST-136","Elizabeth Davis","","male","U.S.A.","","7","","1201.63","Credit Card","2024-04-05"
"ORD-12621","CUST-294","","58","Female","Canada","Beauty","","430.37","","Bank Transfer","2024-04-05"
"ORD-11103","CUST-389","","60","","United States","Electronics","9","","967.41","credit card","2024/02/20"
"ORD-11331","CUST-411","Robert Williams","","Male","USA","Sports","1","408.75","2133.31","","2024-01-15"
"ORD-10909","CUST-382","Mary Johnson","","","","CLOTHING","6","","","Bank Transfer","2024-01-15"
"ORD-10278","CUST-105","Robert Williams","39","Male","Canada","Clothing","","","","","2024-04-05"
"ORD-12034","CUST-184","Elizabeth Davis","64","male","U.S.A.","","3","455.61","1274.26","","2024/02/20"
"ORD-10893","CUST-410","Mary Johnson","47","female","us","Clothing","9","","1576.00","PAYPAL","15/01/2024"
"ORD-10756","CUST-365","john smith","21","","U.S.A.","Clothing","9","175.45","1328.22","","March 10 2024"
"ORD-10985","CUST-410","","64","Female","U.S.A.","Beauty","3","170.18","","Cash on Delivery","15/01/2024"
"ORD-11193","CUST-132","Mary Johnson","20","Female","","","","389.07","","PayPal","March 10 2024"
"ORD-10575","CUST-443","Mary Johnson","51","","UK","","1","45.58","2396.42","",""
"ORD-12399","CUST-186","michael jones","54","","","Beauty","2","182.03","","","2024/02/20"
"ORD-11444","CUST-235","MARY JOHNSON","","F","","Books","9","148.88","453.40","PayPal","2024/02/20"
"ORD-10306","CUST-372","","20","","UK","Electronics","6","366.34","","","15/01/2024"
"ORD-11816","CUST-349","Elizabeth Davis","","male","us","Beauty","999","52.13","1407.61","Bank Transfer","March 10 2024"
"ORD-11778","CUST-222","Robert Williams","70","female","United Kingdom","Electronics","9","409.90","2121.38","","15/01/2024"
"ORD-11973","CUST-263","Patricia Brown","","UNKNOWN","UK","elec","6","140.66","2191.21","PAYPAL","2024-01-15"
"ORD-11623","CUST-306","Linda Garcia","","female","United States","","3","","1633.07","PayPal","2024/02/20"
"ORD-11301","CUST-246","john smith","26","Female","Germany","CLOTHING","3","63.88","273.38","credit card","2024-01-15"
"ORD-10630","CUST-115","Robert Williams","25","F","United Kingdom","Books","10","80.86","709.43","Bank Transfer","2024-01-15"
"ORD-12558","CUST-111","David Miller","46","male","United Kingdom","","3","311.22","2194.80","","2024-04-05"
"ORD-12779","CUST-349","John Smith ","35","UNKNOWN","United Kingdom","CLOTHING","","338.82","2384.51","PayPal","2024/02/20"
"ORD-12111","CUST-154","Patricia Brown","47","","Germany","CLOTHING","7","","2092.36","Cash on Delivery","March 10 2024"
"ORD-10211","CUST-261","john smith","","UNKNOWN","United Kingdom","Beauty","4","","514.04","",""
"ORD-12712","CUST-228","","","UNKNOWN","us","Sports","5","476.37","","Cash on Delivery","2024-01-15"
"ORD-10397","CUST-301","michael jones","72","UNKNOWN","","Electronics","","264.81","319.59","",""
"ORD-10999","CUST-122","Mary Johnson","","Female","United Kingdom","Electronics","2","115.56","312.02","PayPal","March 10 2024"
"ORD-10606","CUST-120","John Smith ","71","female","France","CLOTHING","4","116.52","","credit card","2024-04-05"
"ORD-12906","CUST-407","Patricia Brown","75","","Canada","","","431.32","2056.82","","2024/02/20"
"ORD-10434","CUST-265","john smith","72","male","","elec","4","","","Credit Card","2024/02/20"
"ORD-12136","CUST-290","michael jones","44","","United Kingdom","Books","4","130.01","1130.59","Cash on Delivery",""
"ORD-11495","CUST-352","Mary Johnson","","Female","us","","","288.64","1136.64","PayPal","March 10 2024"
"ORD-11983","CUST-497","Patricia Brown","","","UK","CLOTHING","4","496.35","1012.34","PAYPAL",""
"ORD-11122","CUST-192","Mary Johnson","28","F","Germany","Home & Kitchen","8","409.60","1670.69","","2024-01-15"
"ORD-10012","CUST-137","","20","","UK","Home & Kitchen","","","","","2024/02/20"
"ORD-12219","CUST-293","David Miller","","UNKNOWN","Germany","Home & Kitchen","8","202.37","1814.89","PayPal","15/01/2024"
"ORD-10678","CUST-450","MARY JOHNSON","","UNKNOWN","United States","Books","10","459.98","923.90","Bank Transfer","2024-01-15"
"ORD-10831","CUST-160","Robert Williams","41","","UK","Sports","","460.89","2157.48","Cash on Delivery",""
"ORD-11620","CUST-434","David Miller","24","UNKNOWN","us","Beauty","3","193.26","2051.98","credit card",""
"ORD-12393","CUST-370","michael jones","22","Female","Germany","","8","98.64","1025.24","credit card","2024-04-05"
"ORD-11208","CUST-215","MARY JOHNSON","42","Male","United States","","1","311.72","621.63","Bank Transfer","2024/02/20"
"ORD-12893","CUST-446","Linda Garcia","","F","France","CLOTHING","1","15000","","","2024/02/20"
"ORD-11481","CUST-143","Mary Johnson","","male","Canada","Beauty","5","","","Bank Transfer","March 10 2024"
"ORD-11493","CUST-453","David Miller","53","Female","U.S.A.","CLOTHING","6","427.56","905.01","Bank Transfer","2024-04-05"
"ORD-11699","CUST-238","John Smith ","65","M","Canada","Sports","","395.89","1536.34","PAYPAL","2024/02/20"
"ORD-12428","CUST-436","Robert Williams","53","Female","Canada","","3","279.43","1048.31","",""
"ORD-11685","CUST-336","michael jones","","","United Kingdom","","3","463.36","618.53","credit card","2024-01-15"
"ORD-11075","CUST-318","John Smith ","180","UNKNOWN","Canada","Electronics","-10","15000","1403.20","Cash on Delivery","March 10 2024"
"ORD-12683","CUST-252","john smith","","","USA","Clothing","6","70.46","558.20","PAYPAL",""
"ORD-12945","CUST-201","Robert Williams","","Female","United States","Electronics","","339.28","969.75","Cash on Delivery","March 10 2024"
"ORD-12888","CUST-115","Linda Garcia","32","M","Canada","elec","","94.15","965.28","credit card",""
"ORD-11744","CUST-404","Linda Garcia","","M","UK","Sports","4","","138.24","PAYPAL",""
"ORD-10068","CUST-228","","62","","United Kingdom","Clothing","1","474.16","2219.32","Credit Card",""
"ORD-12048","CUST-287","MARY JOHNSON","74","M","USA","Books","4","","","","2024-01-15"
"ORD-10988","CUST-119","Robert Williams","","F","us","Books","8","458.89","","PAYPAL","2024-04-05"
"ORD-10287","CUST-267","","35","UNKNOWN","UK","Sports","9","15000","2039.39","Cash on Delivery","March 10 2024"
"ORD-10636","CUST-173","Elizabeth Davis","37","male","us","CLOTHING","7","","1683.31","Bank Transfer","March 10 2024"
"ORD-12835","CUST-298","","40","M","United Kingdom","","","","","PayPal","2024-04-05"
"ORD-10353","CUST-315","David Miller","26","","","Electronics","3","27.16","1530.11","",""
"ORD-11840","CUST-354","MARY JOHNSON","75","","","Electronics","","120.68","1709.49","Bank Transfer",""
"ORD-10664","CUST-259","","62","","","Sports","","214.97","","Cash on Delivery","2024/02/20"
"ORD-10851","CUST-429","David Miller","","M","U.S.A.","","3","78.85","1572.61","PAYPAL","March 10 2024"
"ORD-10153","CUST-126","john smith","56","","United Kingdom","Home & Kitchen","999","","","","15/01/2024"
"ORD-12216","CUST-226","Robert Williams","","female","Canada","","1","98.20","1820.46","credit card","2024-01-15"
"ORD-12996","CUST-185","Mary Johnson","58","male","Canada","Clothing","8","211.25","1244.09","Credit Card","2024/02/20"
"ORD-11217","CUST-296","Mary Johnson","180","Male","USA","Sports","2","415.57","1322.38","",""
"ORD-12496","CUST-326","michael jones","27","female","France","Home & Kitchen","6","","","","15/01/2024"
"ORD-11213","CUST-398","Linda Garcia","65","Male","us","Beauty","1","97.83","52.42","","2024/02/20"
"ORD-12165","CUST-487","Patricia Brown","58","M","us","","1","","1385.13","Credit Card","March 10 2024"
"ORD-10729","CUST-219","Mary Johnson","46","female","United States","","10","401.34","990.54","Cash on Delivery","2024-01-15"
"ORD-10664","CUST-259","","62","","","Sports","","214.97","","Cash on Delivery","2024/02/20"
"ORD-11186","CUST-338","john smith","42","female","us","Electronics","7","275.38","1332.96","","2024-01-15"
"ORD-12307","CUST-159","Patricia Brown","32","","","Sports","5","324.11","828.56","Cash on Delivery","2024-04-05"
"ORD-11472","CUST-338","David Miller","48","female","United States","Beauty","","","848.35","Bank Transfer",""
"ORD-11010","CUST-366","","19","male","United Kingdom","elec","8","325.67","2311.53","Bank Transfer","March 10 2024"
"ORD-11520","CUST-371","michael jones","","F","France","Sports","","56.81","","Credit Card","March 10 2024"
"ORD-10118","CUST-416","Linda Garcia","67","male","U.S.A.","Electronics","9","355.04","1193.35","Cash on Delivery","15/01/2024"
"ORD-11167","CUST-361","","","Female","Germany","Beauty","8","24.34","417.29","Bank Transfer","2024/02/20"
"ORD-11821","CUST-365","John Smith ","31","M","USA","elec","4","394.94","1483.08","Credit Card","15/01/2024"
"ORD-12898","CUST-181","","47","F","Canada","Books","3","14.90","","Bank Transfer","15/01/2024"
"ORD-12360","CUST-364","Robert Williams","","M","UK","CLOTHING","5","15000","1203.98","PayPal",""
"ORD-11548","CUST-364","Robert Williams","69","Male","","Sports","7","446.47","914.76","PayPal","2024/02/20"
"ORD-11415","CUST-473","","22","female","France","","5","434.92","","PayPal","2024-04-05"
"ORD-12866","CUST-460","john smith","56","female","Germany","Books","2","","869.85","PAYPAL","2024-04-05"
"ORD-12646","CUST-162","michael jones","48","","us","elec","1","261.90","","PayPal",""
"ORD-10969","CUST-186","MARY JOHNSON","","UNKNOWN","us","Electronics","","420.88","792.35","credit card",""
"ORD-10101","CUST-138","Linda Garcia","22","Female","","Electronics","4","425.53","181.44","","15/01/2024"
"ORD-11982","CUST-181","Mary Johnson","","","us","Home & Kitchen","2","","","",""
"ORD-11420","CUST-417","","72","","us","elec","1","251.41","222.68","PayPal","15/01/2024"
"ORD-10805","CUST-475","Mary Johnson","","UNKNOWN","Germany","Books","3","499.72","34.90","",""
"ORD-11807","CUST-306","Patricia Brown","","male","UK","elec","10","416.14","","","March 10 2024"
"ORD-11987","CUST-218","David Miller","","Male","France","Sports","2","","","PAYPAL","2024-01-15"
"ORD-11300","CUST-159","Linda Garcia","43","","","elec","4","","801.44","",""
"ORD-11686","CUST-192","Patricia Brown","72","M","U.S.A.","","9","187.02","326.31","PAYPAL","2024-01-15"
"ORD-10128","CUST-298","","44","UNKNOWN","USA","CLOTHING","1","424.87","964.72","PayPal","2024-04-05"
"ORD-12696","CUST-272","MARY JOHNSON","","Male","","Clothing","10","","","Credit Card","15/01/2024"
"ORD-10646","CUST-154","Elizabeth Davis","-5","","France","","4","","","Cash on Delivery","15/01/2024"
"ORD-11987","CUST-218","David Miller","","Male","France","Sports","2","","","PAYPAL","2024-01-15"
"ORD-12238","CUST-178","","53","male","","CLOTHING","","","","Bank Transfer","2024/02/20"
"ORD-10221","CUST-252","Patricia Brown","71","UNKNOWN","France","","","299.46","2098.79","Bank Transfer","March 10 2024"
"ORD-11517","CUST-212","Linda Garcia","74","","France","","6","219.98","1569.41","","2024-01-15"
"ORD-10868","CUST-213","Elizabeth Davis","52","F","United States","","8","397.58","385.43","PAYPAL","2024/02/20"
"ORD-12957","CUST-106","Linda Garcia","","Male","us","CLOTHING","8","191.89","1777.05","Cash on Delivery","2024-01-15"
"ORD-11913","CUST-177","MARY JOHNSON","","M","U.S.A.","Sports","","75.34","","Credit Card","15/01/2024"
"ORD-10758","CUST-102","","33","","U.S.A.","","","","765.20","","2024-04-05"
"ORD-12899","CUST-310","Patricia Brown","70","M","UK","Sports","6","471.82","2046.63","Credit Card",""
"ORD-10935","CUST-116","Elizabeth Davis","20","","Canada","","","130.82","811.73","PAYPAL","2024-01-15"
"ORD-10025","CUST-376","MARY JOHNSON","57","UNKNOWN","United States","","1","460.81","","PAYPAL","2024-04-05"
"ORD-11506","CUST-351","","-5","M","United Kingdom","","7","","405.90","Bank Transfer","2024-04-05"
"ORD-10901","CUST-103","Robert Williams","55","female","U.S.A.","Beauty","","353.17","","PAYPAL","2024-04-05"
"ORD-11752","CUST-105","Robert Williams","24","","Canada","","6","","","Cash on Delivery","2024-01-15"
"ORD-11143","CUST-301","Mary Johnson","75","female","Canada","Home & Kitchen","7","","","Cash on Delivery","15/01/2024"
"ORD-12927","CUST-368","","72","Female","Germany","Clothing","10","187.26","","Cash on Delivery","2024-04-05"
"ORD-12041","CUST-208","Mary Johnson","45","female","U.S.A.","Sports","4","","","Bank Transfer","2024/02/20"
"ORD-11537","CUST-167","Elizabeth Davis","","Female","Germany","Home & Kitchen","-10","41.59","342.73","Cash on Delivery","March 10 2024"
"ORD-11075","CUST-318","John Smith ","180","UNKNOWN","Canada","Electronics","-10","15000","1403.20","Cash on Delivery","March 10 2024"
"ORD-11889","CUST-355","Elizabeth Davis","52","UNKNOWN","","Books","4","305.92","2217.80","Bank Transfer","15/01/2024"
"ORD-12505","CUST-246","john smith","","","USA","Home & Kitchen","9","289.15","1644.44","Bank Transfer","2024/02/20"
"ORD-11569","CUST-125","Robert Williams","","UNKNOWN","","Sports","","455.11","2403.00","Credit Card",""
"ORD-10627","CUST-318","","51","F","us","Books","2","","1302.79","",""
"ORD-11513","CUST-410","michael jones","63","Female","","Sports","3","","999.56","","15/01/2024"
"ORD-10528","CUST-453","Linda Garcia","-5","M","U.S.A.","Beauty","9","451.89","1322.90","Cash on Delivery",""
"ORD-10060","CUST-329","","25","","France","Sports","999","375.57","1042.99","Cash on Delivery",""
"ORD-10723","CUST-297","","35","F","U.S.A.","CLOTHING","3","148.03","928.07","",""
"ORD-12994","CUST-125","michael jones","","Female","us","Home & Kitchen","9","","","Credit Card",""
"ORD-10982","CUST-239","MARY JOHNSON","36","female","France","elec","8","","796.02","Credit Card","2024-01-15"
"ORD-11157","CUST-434","Mary Johnson","29","male","United Kingdom","","","","166.23","PayPal","2024-01-15"
"ORD-11789","CUST-429","John Smith ","43","","Germany","Sports","5","110.95","1005.04","credit card",""
"ORD-11253","CUST-165","john smith","35","F","France","Clothing","4","15000","2290.19","","2024/02/20"
"ORD-12880","CUST-323","Patricia Brown","54","Female","France","Books","7","15000","699.93","PayPal","15/01/2024"
"ORD-12872","CUST-308","","42","Male","USA","CLOTHING","8","","","PayPal","2024/02/20"
"ORD-10242","CUST-238","","25","Male","United States","Electronics","8","41.41","2241.22","PayPal","15/01/2024"
"ORD-11233","CUST-371","Linda Garcia","72","Female","Germany","","3","464.53","1814.60","Credit Card","2024/02/20"
"ORD-11697","CUST-357","MARY JOHNSON","","M","","Sports","2","76.83","","Credit Card","2024/02/20"
"ORD-10305","CUST-134","john smith","43","Male","","","2","275.66","345.74","PAYPAL","15/01/2024"
"ORD-11692","CUST-195","Robert Williams","","female","Canada","","6","15000","2395.79","PayPal","2024/02/20"
"ORD-12336","CUST-280","Linda Garcia","65","","USA","","9","","2123.25","Credit Card","March 10 2024"
"ORD-11263","CUST-186","David Miller","35","male","UK","elec","5","39.04","","Bank Transfer","March 10 2024"
"ORD-10239","CUST-159","MARY JOHNSON","21","female","France","","6","15000","956.07","credit card","March 10 2024"
"ORD-11491","CUST-296","Elizabeth Davis","","male","United States","","10","","","Credit Card","2024-01-15"
"ORD-11063","CUST-336","","26","male","","elec","","197.90","1287.59","","2024-04-05"
"ORD-10531","CUST-260","Elizabeth Davis","51","male","France","Electronics","6","108.63","2404.65","credit card","15/01/2024"
"ORD-10474","CUST-382","john smith","53","","U.S.A.","","10","305.39","","PayPal","2024-01-15"
"ORD-10115","CUST-234","John Smith ","74","F","Canada","elec","","433.01","1397.24","PayPal",""
"ORD-10109","CUST-102","David Miller","58","female","United States","Sports","10","424.90","","PayPal","2024-04-05"
"ORD-12396","CUST-269","Linda Garcia","57","","Germany","Electronics","8","15000","1034.70","credit card","15/01/2024"
"ORD-10255","CUST-169","john smith","47","Female","us","","9","131.85","357.72","Credit Card","15/01/2024"
"ORD-10141","CUST-337","John Smith ","34","Female","us","Books","7","286.69","1045.15","PAYPAL","March 10 2024"
"ORD-11482","CUST-255","","27","Male","USA","Electronics","6","17.94","","Cash on Delivery",""
"ORD-12098","CUST-218","john smith","","M","","","","","","Cash on Delivery","15/01/2024"
"ORD-10171","CUST-270","","23","Female","USA","Electronics","","15000","","","2024-01-15"
"ORD-11172","CUST-240","Linda Garcia","","Female","UK","Beauty","7","","1311.05","","2024/02/20"
"ORD-12513","CUST-277","John Smith ","57","male","","Electronics","4","17.52","375.78","PayPal",""
"ORD-10785","CUST-111","","","F","Canada","","1","454.33","966.56","PayPal","2024-01-15"
"ORD-12557","CUST-345","","65","UNKNOWN","France","Home & Kitchen","1","346.78","313.29","","2024-04-05"
"ORD-11283","CUST-454","","61","male","","CLOTHING","9","91.29","2096.76","PAYPAL","2024-04-05"
"ORD-10296","CUST-287","","35","Female","","Beauty","6","384.94","1415.73","PAYPAL","2024-01-15"
"ORD-10880","CUST-274","MARY JOHNSON","26","M","UK","Electronics","2","40.03","346.68","Bank Transfer",""
"ORD-12249","CUST-144","Linda Garcia","","","United States","CLOTHING","6","417.33","153.99","","2024/02/20"
"ORD-10657","CUST-470","","","","USA","elec","7","231.85","2404.44","PAYPAL","2024-01-15"
"ORD-11206","CUST-220","Patricia Brown","57","","U.S.A.","Beauty","7","","","","2024/02/20"
"ORD-12000","CUST-403","MARY JOHNSON","22","","Canada","Home & Kitchen","4","","","Bank Transfer",""
"ORD-12682","CUST-324","MARY JOHNSON","","Female","United States","Beauty","10","","1510.50","Credit Card","2024-04-05"
"ORD-12988","CUST-425","MARY JOHNSON","56","F","U.S.A.","","9","109.99","62.14","PAYPAL",""
"ORD-12495","CUST-451","John Smith ","","female","U.S.A.","Books","","489.47","1478.07","PAYPAL",""
"ORD-11899","CUST-191","Elizabeth Davis","","","United Kingdom","","3","51.57","814.69","Bank Transfer","2024/02/20"
"ORD-12463","CUST-199","","","F","Canada","Sports","4","","","Credit Card","15/01/2024"
"ORD-12287","CUST-484","Robert Williams","43","","U.S.A.","Books","999","436.13","","credit card","2024-01-15"
"ORD-10471","CUST-363","Elizabeth Davis","46","M","UK","CLOTHING","8","119.14","325.89","Bank Transfer","2024/02/20"
"ORD-11665","CUST-364","John Smith ","60","","United Kingdom","Clothing","","102.05","2153.18","PayPal","2024-04-05"
"ORD-11747","CUST-213","michael jones","","Female","","","10","","","credit card",""
"ORD-12219","CUST-293","David Miller","","UNKNOWN","Germany","Home & Kitchen","8","202.37","1814.89","PayPal","15/01/2024"
"ORD-11909","CUST-417","michael jones","38","","us","elec","","391.00","317.86","PAYPAL","2024-01-15"
"ORD-12633","CUST-480","","","female","UK","","3","259.95","209.08","PayPal","15/01/2024"
"ORD-12666","CUST-277","michael jones","39","UNKNOWN","United States","","7","320.02","","","15/01/2024"
"ORD-11062","CUST-189","","38","female","United States","Books","10","164.88","","","15/01/2024"
"ORD-10190","CUST-347","Elizabeth Davis","","female","United Kingdom","","6","435.94","","Cash on Delivery","2024/02/20"
"ORD-10798","CUST-324","Linda Garcia","42","male","Canada","Books","3","274.58","1368.70","Cash on Delivery",""
"ORD-11557","CUST-467","Robert Williams","29","F","France","Clothing","","131.83","","","15/01/2024"
"ORD-12373","CUST-263","john smith","","","U.S.A.","Sports","","230.38","1149.43","PAYPAL",""
"ORD-11361","CUST-269","Elizabeth Davis","75","","United Kingdom","","4","15000","49.67","",""
"ORD-10967","CUST-132","Patricia Brown","58","","UK","Clothing","7","","","Bank Transfer","2024/02/20"
"ORD-11169","CUST-133","","66","UNKNOWN","USA","","","438.30","2139.52","Bank Transfer","2024-01-15"
"ORD-12604","CUST-205","Patricia Brown","61","male","Germany","Home & Kitchen","9","445.60","22.02","",""
"ORD-10176","CUST-110","","19","male","United States","","5","460.92","2224.42","Cash on Delivery","2024-04-05"
"ORD-11907","CUST-179","Linda Garcia","68","male","","Books","1","","1456.87","Bank Transfer","2024-04-05"
"ORD-12761","CUST-126","michael jones","61","M","UK","","-10","46.49","","Cash on Delivery","2024-01-15"
"ORD-10347","CUST-478","Patricia Brown","24","male","","Books","2","","","Bank Transfer","2024-04-05"
"ORD-12108","CUST-494","","37","female","USA","Books","8","","269.62","credit card","March 10 2024"
"ORD-10328","CUST-187","Linda Garcia","","","","","","15000","","credit card","March 10 2024"
"ORD-11618","CUST-337","David Miller","54","female","Germany","Beauty","","130.37","","","2024-04-05"
"ORD-12825","CUST-317","john smith","","","France","Clothing","9","85.37","","","2024-01-15"
"ORD-12933","CUST-454","","","Male","","Sports","3","","1554.49","PayPal","15/01/2024"
"ORD-10632","CUST-442","Robert Williams","69","female","U.S.A.","Clothing","8","247.11","440.87","PayPal","March 10 2024"
"ORD-12916","CUST-137","John Smith ","","female","France","Clothing","3","188.96","","PayPal",""
"ORD-11015","CUST-333","","35","female","United States","","5","198.92","","Cash on Delivery","15/01/2024"
"ORD-11378","CUST-296","Elizabeth Davis","30","M","France","Sports","1","","","","2024-04-05"
"ORD-11194","CUST-201","Patricia Brown","24","Female","Germany","Clothing","9","360.35","1889.28","","March 10 2024"
"ORD-10942","CUST-231","","","female","Canada","Electronics","4","","1438.37","PayPal",""
"ORD-10832","CUST-166","MARY JOHNSON","37","Female","U.S.A.","","1","436.05","","PAYPAL","2024/02/20"
"ORD-12436","CUST-308","Patricia Brown","55","M","UK","Electronics","9","136.10","808.57","","2024/02/20"
"ORD-12126","CUST-350","John Smith ","57","UNKNOWN","United States","Electronics","3","292.55","","PAYPAL","2024/02/20"
"ORD-12713","CUST-344","Linda Garcia","20","","Canada","Books","7","","","Credit Card","2024-04-05"
"ORD-10270","CUST-104","Mary Johnson","45","Male","Canada","","5","53.66","","",""
"ORD-11828","CUST-339","","","male","","CLOTHING","8","","1360.46","credit card","2024/02/20"
"ORD-11574","CUST-338","","","","USA","Home & Kitchen","","172.81","","Cash on Delivery","March 10 2024"
"ORD-10070","CUST-222","David Miller","75","Male","USA","CLOTHING","6","370.66","","","2024-01-15"
"ORD-10962","CUST-329","John Smith ","65","","","Books","3","276.00","256.88","Bank Transfer","March 10 2024"
"ORD-11465","CUST-371","","33","","","Sports","5","","666.51","","2024-01-15"
"ORD-10032","CUST-192","","60","Female","us","Beauty","","283.67","818.55","","15/01/2024"
"ORD-10846","CUST-250","Robert Williams","36","F","USA","","5","255.95","190.82","",""
"ORD-10151","CUST-140","Robert Williams","24","F","France","Sports","4","446.87","","Bank Transfer","2024/02/20"
"ORD-12562","CUST-220","","","female","","","4","227.79","424.41","Cash on Delivery",""
"ORD-12129","CUST-348","David Miller","","UNKNOWN","","CLOTHING","","183.72","2261.84","Credit Card","2024-01-15"
"ORD-11437","CUST-205","John Smith ","48","UNKNOWN","Canada","CLOTHING","7","","418.63","PAYPAL",""
"ORD-12390","CUST-187","","41","Female","us","Sports","5","","1503.71","","2024-01-15"
"ORD-12235","CUST-445","Elizabeth Davis","","male","","","8","374.90","","Cash on Delivery","March 10 2024"
"ORD-10732","CUST-344","Linda Garcia","","","U.S.A.","Electronics","","169.92","68.82","PayPal","15/01/2024"
"ORD-11306","CUST-404","","45","female","France","Sports","","224.11","1103.50","Bank Transfer","2024/02/20"
"ORD-12106","CUST-157","","180","","U.S.A.","Sports","","116.71","","","2024/02/20"
"ORD-12301","CUST-479","Elizabeth Davis","65","","United States","","6","486.74","","PAYPAL","March 10 2024"
"ORD-12439","CUST-399","David Miller","49","Female","USA","","6","","","Cash on Delivery",""
"ORD-10130","CUST-284","John Smith ","24","","United States","CLOTHING","2","162.85","1643.11","",""
"ORD-11842","CUST-332","","","","U.S.A.","Sports","","322.83","397.17","Credit Card","2024/02/20"
"ORD-12314","CUST-213","Elizabeth Davis","51","female","Canada","Sports","4","337.84","1495.95","Cash on Delivery",""
"ORD-12883","CUST-319","Patricia Brown","180","F","","","2","15000","","credit card",""
"ORD-11135","CUST-296","","53","Female","U.S.A.","Clothing","5","89.29","900.14","","15/01/2024"
"ORD-10727","CUST-105","David Miller","50","UNKNOWN","","Clothing","1","452.06","2097.16","credit card","15/01/2024"
"ORD-12642","CUST-271","Patricia Brown","75","","","Books","7","","716.45","Bank Transfer","2024-04-05"
"ORD-10144","CUST-198","Linda Garcia","18","F","United States","Beauty","8","34.21","","PayPal","2024/02/20"
"ORD-10018","CUST-113","Elizabeth Davis","180","Female","Germany","Electronics","","162.68","1543.36","PAYPAL",""
"ORD-12475","CUST-175","John Smith ","","","UK","Clothing","","","1599.19","PAYPAL","15/01/2024"
"ORD-10407","CUST-466","","","M","France","Beauty","1","49.23","","PAYPAL","2024/02/20"
"ORD-10752","CUST-486","Linda Garcia","21","male","us","Sports","8","263.04","1153.25","Bank Transfer","15/01/2024"
"ORD-11501","CUST-136","John Smith ","45","F","","Clothing","5","87.21","","","2024-01-15"
"ORD-12948","CUST-414","Mary Johnson","29","UNKNOWN","us","Electronics","9","402.17","","PAYPAL","2024-04-05"
"ORD-10900","CUST-398","Patricia Brown","","male","UK","Sports","","256.15","","PAYPAL","March 10 2024"
"ORD-10867","CUST-133","","42","female","Germany","elec","","452.93","","Bank Transfer",""
"ORD-10498","CUST-476","Robert Williams","53","UNKNOWN","Germany","Electronics","1","","2416.53","PAYPAL","2024-01-15"
"ORD-12401","CUST-433","John Smith ","33","","us","Electronics","","280.21","1232.88","PAYPAL","March 10 2024"
"ORD-12812","CUST-461","Mary Johnson","72","female","United States","Beauty","6","144.21","343.33","PayPal",""
"ORD-11125","CUST-491","John Smith ","75","UNKNOWN","USA","Books","5","","2132.78","Credit Card","2024-01-15"
"ORD-10444","CUST-457","John Smith ","40","Female","us","","","470.92","2066.55","","15/01/2024"
"ORD-11319","CUST-406","Mary Johnson","","","United States","Books","","","549.85","PayPal","2024-04-05"
"ORD-11935","CUST-455","John Smith ","68","","United Kingdom","","9","10.84","","PayPal","2024-01-15"
"ORD-12531","CUST-420","","44","F","","Beauty","2","421.20","818.40","PAYPAL","2024-01-15"
"ORD-11222","CUST-126","","20","Female","U.S.A.","","999","201.54","","Cash on Delivery",""
"ORD-12879","CUST-454","Linda Garcia","","F","us","elec","2","","591.63","Cash on Delivery","15/01/2024"
"ORD-11607","CUST-492","David Miller","","female","USA","Beauty","8","52.52","426.81","","2024-04-05"
"ORD-11141","CUST-283","","54","UNKNOWN","U.S.A.","Home & Kitchen","10","","","","2024-01-15"
"ORD-11071","CUST-485","michael jones","75","M","UK","Beauty","1","239.92","641.54","Bank Transfer","March 10 2024"
"ORD-11636","CUST-491","Linda Garcia","180","Female","Germany","Books","","106.52","1178.21","PayPal","March 10 2024"
"ORD-12488","CUST-171","","64","M","United Kingdom","","10","339.41","","Bank Transfer","2024-01-15"
"ORD-11821","CUST-365","John Smith ","31","M","USA","elec","4","394.94","1483.08","Credit Card","15/01/2024"
"ORD-10653","CUST-338","","","F","","Home & Kitchen","6","34.12","909.87","PayPal","2024/02/20"
"ORD-12432","CUST-281","Linda Garcia","","M","France","Electronics","","455.94","","PayPal","2024/02/20"
"ORD-10051","CUST-444","Mary Johnson","54","male","United States","CLOTHING","5","63.32","","",""
"ORD-11281","CUST-419","john smith","19","F","Germany","Sports","9","","2186.22","credit card","15/01/2024"
"ORD-11498","CUST-267","MARY JOHNSON","41","F","us","CLOTHING","8","183.89","541.52","",""
"ORD-11550","CUST-386","David Miller","52","UNKNOWN","UK","","1","286.60","","",""
"ORD-10360","CUST-383","","","Female","USA","","","410.34","","Cash on Delivery","2024-01-15"
"ORD-10998","CUST-403","john smith","58","","France","Books","","460.18","388.07","PAYPAL","2024-04-05"
"ORD-11591","CUST-489","","","","","","3","300.02","","credit card","2024-04-05"
"ORD-10980","CUST-476","","","F","us","","3","26.78","1031.30","PayPal","2024-01-15"
"ORD-10313","CUST-392","Patricia Brown","","male","United Kingdom","","","362.60","1247.84","Credit Card","2024-04-05"
"ORD-12662","CUST-368","","51","","Canada","","","","","Cash on Delivery","15/01/2024"
"ORD-10884","CUST-488","David Miller","72","male","U.S.A.","","6","123.78","2063.86","",""
"ORD-11698","CUST-253","john smith","49","Male","UK","Books","","37.99","1949.14","","2024-04-05"
"ORD-10824","CUST-466","John Smith ","27","male","","elec","1","172.74","677.05","",""
"ORD-12133","CUST-446","Linda Garcia","","Female","UK","CLOTHING","9","","2333.15","","March 10 2024"
"ORD-12050","CUST-164","michael jones","53","","us","Electronics","7","366.32","137.46","Cash on Delivery","2024-01-15"
"ORD-11545","CUST-358","Robert Williams","","Female","","","","363.53","","Bank Transfer","March 10 2024"
"ORD-12629","CUST-483","","30","female","United States","Electronics","","411.76","1494.94","PAYPAL","15/01/2024"
"ORD-11478","CUST-400","David Miller","","Male","UK","Sports","","208.38","","Bank Transfer","2024-01-15"
"ORD-11782","CUST-256","","","","USA","Electronics","3","454.15","1458.29","Bank Transfer","2024/02/20"
"ORD-12338","CUST-258","Mary Johnson","35","Male","UK","Electronics","4","","779.44","","2024-04-05"
"ORD-11475","CUST-215","Robert Williams","34","","","Electronics","1","152.94","","","15/01/2024"
"ORD-12626","CUST-236","","-5","M","","CLOTHING","7","170.94","1220.89","credit card","2024-04-05"
"ORD-10551","CUST-172","john smith","68","UNKNOWN","","Clothing","7","378.56","2383.52","PAYPAL","2024/02/20"
"ORD-10738","CUST-489","John Smith ","46","male","USA","Electronics","9","37.59","","Credit Card",""
"ORD-11458","CUST-102","Mary Johnson","45","male","United States","CLOTHING","10","56.13","541.19","Bank Transfer","15/01/2024"
"ORD-10464","CUST-310","Robert Williams","20","F","","Beauty","","320.06","652.00","PayPal","March 10 2024"
"ORD-11053","CUST-243","David Miller","","female","","Books","","305.64","2076.95","Cash on Delivery","2024/02/20"
"ORD-12959","CUST-500","MARY JOHNSON","33","F","U.S.A.","Clothing","2","51.34","","PAYPAL","2024-01-15"
"ORD-12270","CUST-402","Linda Garcia","34","","UK","CLOTHING","","256.32","","Credit Card","2024-01-15"
"ORD-10671","CUST-189","David Miller","180","Female","United States","Books","6","","553.50","","2024-01-15"
"ORD-10192","CUST-400","Patricia Brown","60","Female","United Kingdom","Books","8","23.22","344.82","credit card","March 10 2024"
"ORD-11606","CUST-280","David Miller","34","female","us","CLOTHING","","","1724.12","credit card","2024-01-15"
"ORD-10028","CUST-280","MARY JOHNSON","180","","U.S.A.","Home & Kitchen","3","85.19","925.44","Credit Card","2024-04-05"
"ORD-10800","CUST-380","Robert Williams","23","female","United States","Books","3","","","Cash on Delivery","March 10 2024"
"ORD-12911","CUST-393","Mary Johnson","","UNKNOWN","us","CLOTHING","7","","","","March 10 2024"
"ORD-10254","CUST-477","Elizabeth Davis","","Male","us","Clothing","1","254.28","1619.30","Credit Card",""
"ORD-12518","CUST-457","Elizabeth Davis","74","UNKNOWN","us","CLOTHING","","","240.98","credit card","2024-04-05"
"ORD-12815","CUST-121","","45","Female","Canada","","","318.11","1958.56","Cash on Delivery",""
"ORD-10940","CUST-104","Patricia Brown","33","F","UK","","7","236.21","","PayPal","15/01/2024"
"ORD-10807","CUST-336","MARY JOHNSON","57","F","USA","Clothing","1","","437.86","",""
"ORD-12648","CUST-199","MARY JOHNSON","","M","","Beauty","3","","","PAYPAL",""
"ORD-10858","CUST-327","","","M","France","Home & Kitchen","3","385.78","1245.80","PayPal","2024-01-15"
"ORD-12849","CUST-189","Mary Johnson","-5","Male","United Kingdom","Clothing","","","375.59","","2024-01-15"
"ORD-10731","CUST-359","Elizabeth Davis","31","UNKNOWN","USA","Beauty","9","203.33","","Cash on Delivery",""
"ORD-12756","CUST-142","David Miller","71","UNKNOWN","United States","Books","6","","","PayPal","15/01/2024"
"ORD-10719","CUST-262","michael jones","30","Female","U.S.A.","Books","5","383.73","544.08","",""
"ORD-12703","CUST-484","john smith","24","F","France","Clothing","","121.63","2097.31","Cash on Delivery","2024/02/20"
"ORD-10216","CUST-429","Mary Johnson","70","Male","United States","Beauty","2","427.98","","",""
"ORD-10479","CUST-302","Mary Johnson","49","Female","United States","","8","427.18","646.87","Credit Card","March 10 2024"
"ORD-11670","CUST-454","","35","female","us","Beauty","","197.43","876.11","credit card",""
"ORD-12676","CUST-400","Robert Williams","65","M","USA","","","36.50","","Credit Card","March 10 2024"
"ORD-11915","CUST-109","Mary Johnson","57","Female","U.S.A.","","7","448.21","2121.53","credit card",""
"ORD-11542","CUST-145","","180","","United Kingdom","Home & Kitchen","","178.14","132.69","PAYPAL","2024-04-05"
"ORD-10875","CUST-180","Linda Garcia","68","","France","","7","232.60","1622.18","credit card",""
"ORD-11890","CUST-480","Elizabeth Davis","","","Germany","","2","426.30","2076.34","PAYPAL","2024/02/20"
"ORD-12074","CUST-423","Elizabeth Davis","-5","male","United Kingdom","Books","3","","673.14","Bank Transfer","2024-04-05"
"ORD-12601","CUST-162","John Smith ","23","male","USA","Clothing","10","248.05","2067.54","Bank Transfer","2024-04-05"
"ORD-10673","CUST-128","Robert Williams","37","","France","Electronics","10","","843.78","Credit Card","2024-04-05"
"ORD-11084","CUST-226","","67","","us","","8","44.49","","credit card","March 10 2024"
"ORD-10091","CUST-400","","60","Male","France","elec","10","253.87","","PAYPAL",""
"ORD-11417","CUST-302","Elizabeth Davis","53","male","us","Beauty","-10","259.11","","",""
"ORD-12359","CUST-256","Linda Garcia","32","female","UK","CLOTHING","8","132.69","","PAYPAL","15/01/2024"
"ORD-10098","CUST-269","David Miller","75","","USA","Sports","3","263.08","665.31","","2024/02/20"
"ORD-10057","CUST-343","MARY JOHNSON","64","UNKNOWN","United States","Beauty","","","","Bank Transfer","2024-04-05"
"ORD-11485","CUST-440","john smith","55","","Canada","","9","477.22","2258.57","Cash on Delivery","2024-04-05"
"ORD-12018","CUST-357","Elizabeth Davis","42","","United States","","","399.31","1069.87","Credit Card","March 10 2024"
"ORD-12897","CUST-451","John Smith ","25","","","Home & Kitchen","2","141.97","","credit card","2024-01-15"
"ORD-12552","CUST-100","michael jones","75","M","Canada","","6","342.16","","","15/01/2024"
"ORD-11025","CUST-162","MARY JOHNSON","33","M","Germany","Electronics","10","","1030.17","PayPal","March 10 2024"
"ORD-10114","CUST-492","Linda Garcia","75","F","Germany","","4","232.37","1001.19","credit card","March 10 2024"
"ORD-11516","CUST-270","David Miller","","M","USA","CLOTHING","","128.95","899.75","credit card","March 10 2024"
"ORD-10320","CUST-364","Linda Garcia","39","","United Kingdom","","5","","","",""
"ORD-11166","CUST-147","michael jones","","Female","Germany","Electronics","","30.48","2396.36","credit card",""
"ORD-12388","CUST-312","","27","Female","","elec","","342.27","56.05","",""
"ORD-10505","CUST-304","","72","","United States","Clothing","","298.20","","",""
"ORD-12950","CUST-432","","","female","","","1","491.32","943.59","Cash on Delivery","15/01/2024"
"ORD-12928","CUST-104","MARY JOHNSON","","","United Kingdom","CLOTHING","8","","2159.08","Cash on Delivery",""
"ORD-11218","CUST-469","Patricia Brown","72","M","Germany","Electronics","7","140.81","1471.54","PayPal","2024-01-15"
"ORD-11039","CUST-124","michael jones","20","M","UK","Clothing","2","","","PAYPAL","2024-01-15"
"ORD-10414","CUST-435","","70","","Germany","Beauty","","167.37","268.11","credit card","2024-01-15"
"ORD-11190","CUST-300","","52","UNKNOWN","France","Beauty","3","","478.73","PAYPAL","2024-01-15"
"ORD-11343","CUST-308","","","Male","","Sports","7","320.86","","Credit Card","2024-04-05"
"ORD-11191","CUST-124","Linda Garcia","","","United States","Sports","5","375.65","1110.25","Credit Card","15/01/2024"
"ORD-11999","CUST-259","","45","F","","Books","2","89.30","","PAYPAL","March 10 2024"
"ORD-12805","CUST-428","","46","male","UK","","","310.06","88.83","credit card","2024-04-05"
"ORD-11397","CUST-171","Linda Garcia","","UNKNOWN","","Books","-10","427.97","","",""
"ORD-10956","CUST-204","Elizabeth Davis","45","Male","","Home & Kitchen","10","","","Credit Card","2024-01-15"
"ORD-12902","CUST-391","Patricia Brown","22","UNKNOWN","UK","Electronics","3","","773.81","",""
"ORD-10669","CUST-274","David Miller","","male","U.S.A.","","10","279.52","1957.69","Bank Transfer","2024-04-05"
"ORD-11486","CUST-184","David Miller","","male","Canada","Books","5","328.59","853.31","","2024/02/20"
"ORD-10510","CUST-181","Mary Johnson","","","us","","2","205.53","893.91","Bank Transfer",""
"ORD-11186","CUST-338","john smith","42","female","us","Electronics","7","275.38","1332.96","","2024-01-15"
"ORD-12751","CUST-464","Elizabeth Davis","20","male","us","elec","6","246.82","1523.09","Bank Transfer","March 10 2024"
"ORD-10247","CUST-431","","","Female","USA","Books","6","","1092.43","Cash on Delivery",""
"ORD-11205","CUST-224","Elizabeth Davis","63","F","","Beauty","1","484.94","1748.13","PayPal","2024/02/20"
"ORD-12286","CUST-453","michael jones","42","F","UK","","","196.40","375.02","Credit Card","2024/02/20"
"ORD-10574","CUST-194","John Smith ","26","","United States","","999","","525.40","Cash on Delivery","2024-04-05"
"ORD-11693","CUST-168","Elizabeth Davis","64","Female","France","Books","","360.81","366.99","","2024-01-15"
"ORD-12886","CUST-223","john smith","29","","U.S.A.","Books","","152.92","","PayPal","March 10 2024"
"ORD-12003","CUST-405","michael jones","","Male","","","7","244.15","","Bank Transfer","15/01/2024"
"ORD-12199","CUST-182","Patricia Brown","40","UNKNOWN","U.S.A.","Beauty","7","219.53","","Cash on Delivery","2024-04-05"
"ORD-11438","CUST-131","Robert Williams","21","Male","Germany","","","413.92","","","15/01/2024"
"ORD-12823","CUST-162","","21","","us","Home & Kitchen","9","","","PAYPAL","2024-01-15"
"ORD-12469","CUST-386","","","","","Books","9","445.03","913.18","Bank Transfer","2024-04-05"
"ORD-11035","CUST-125","John Smith ","-5","male","Germany","CLOTHING","4","173.27","","Credit Card","2024/02/20"
"ORD-12628","CUST-143","MARY JOHNSON","","Female","Canada","Beauty","2","213.92","1243.04","PAYPAL",""
"ORD-12085","CUST-451","John Smith ","","","","","3","230.82","228.43","Bank Transfer","15/01/2024"
"ORD-11874","CUST-205","Patricia Brown","65","Male","France","Beauty","2","451.45","2327.31","","15/01/2024"
"ORD-10948","CUST-140","john smith","50","UNKNOWN","France","","9","220.31","1167.44","PAYPAL","March 10 2024"
"ORD-10958","CUST-116","MARY JOHNSON","69","Male","UK","Home & Kitchen","","","2419.19","Credit Card","15/01/2024"
"ORD-12480","CUST-110","michael jones","43","F","Canada","CLOTHING","6","387.31","532.34","PAYPAL","2024/02/20"
"ORD-12271","CUST-178","","65","","France","Sports","9","163.53","","Credit Card","15/01/2024"
"ORD-10838","CUST-345","john smith","-5","Male","France","","6","452.58","","Credit Card","March 10 2024"
"ORD-11864","CUST-307","michael jones","32","M","United States","Sports","","101.22","","credit card","2024-01-15"
"ORD-11359","CUST-186","Robert Williams","18","","United Kingdom","elec","-10","","1234.88","Bank Transfer",""
"ORD-10007","CUST-271","MARY JOHNSON","","","United States","Clothing","5","187.77","1930.41","PayPal","March 10 2024"
"ORD-10576","CUST-116","John Smith ","","M","France","Clothing","6","90.20","","PAYPAL",""
"ORD-11855","CUST-358","michael jones","69","","United Kingdom","Home & Kitchen","10","220.73","735.44","PAYPAL","2024-01-15"
"ORD-11012","CUST-181","MARY JOHNSON","35","M","","","6","338.63","657.08","Bank Transfer","2024/02/20"
"ORD-11954","CUST-322","Patricia Brown","19","","","elec","8","129.25","574.55","","15/01/2024"
"ORD-12059","CUST-346","","55","","U.S.A.","CLOTHING","6","67.80","1208.28","","2024-04-05"
"ORD-10476","CUST-444","Elizabeth Davis","56","Female","USA","Clothing","5","213.00","2257.22","Bank Transfer",""
"ORD-10988","CUST-119","Robert Williams","","F","us","Books","8","458.89","","PAYPAL","2024-04-05"
"ORD-10361","CUST-452","Robert Williams","74","","United Kingdom","Books","4","353.26","728.14","","March 10 2024"
"ORD-10759","CUST-251","Mary Johnson","180","female","us","","","15.35","","",""
"ORD-12479","CUST-333","Elizabeth Davis","","","UK","Sports","5","15000","","Credit Card","2024-04-05"
"ORD-11514","CUST-484","MARY JOHNSON","62","male","Canada","Beauty","2","116.33","785.40","Cash on Delivery","2024-04-05"
"ORD-12638","CUST-258","michael jones","","UNKNOWN","us","Electronics","8","","148.97","PayPal","2024-04-05"
"ORD-10693","CUST-228","","63","F","UK","Home & Kitchen","1","484.93","331.92","Bank Transfer",""
"ORD-11261","CUST-355","MARY JOHNSON","68","F","France","elec","3","31.74","","PayPal","2024-01-15"
"ORD-10431","CUST-444","","67","UNKNOWN","Germany","Books","6","","1838.22","Bank Transfer","March 10 2024"
"ORD-10588","CUST-476","Linda Garcia","57","Female","us","Beauty","999","92.46","","credit card","2024/02/20"
"ORD-10537","CUST-183","","48","M","United Kingdom","Home & Kitchen","1","","1679.02","Credit Card","2024-04-05"
"ORD-11039","CUST-124","michael jones","20","M","UK","Clothing","2","","","PAYPAL","2024-01-15"
"ORD-12424","CUST-308","","22","Female","","Clothing","999","","2132.11","credit card","2024-04-05"
"ORD-11120","CUST-198","MARY JOHNSON","55","M","USA","","8","308.51","1818.36","Bank Transfer","2024/02/20"
"ORD-11703","CUST-281","Robert Williams","56","","","CLOTHING","8","352.08","718.62","","2024/02/20"
"ORD-12149","CUST-419","","41","","Canada","Sports","10","499.03","2230.95","PAYPAL","March 10 2024"
"ORD-12492","CUST-243","","","Female","United States","Books","","161.51","2409.72","PayPal","15/01/2024"
"ORD-11897","CUST-294","David Miller","72","male","United Kingdom","Books","4","443.91","62.44","Bank Transfer","March 10 2024"
"ORD-11102","CUST-291","Patricia Brown","74","UNKNOWN","","Home & Kitchen","2","238.49","2303.01","Bank Transfer","2024-04-05"
"ORD-12502","CUST-120","","","","us","","4","390.66","2050.45","Bank Transfer","March 10 2024"
"ORD-10873","CUST-449","David Miller","69","UNKNOWN","us","","5","","2170.19","PayPal","March 10 2024"
"ORD-10783","CUST-382","","","Male","Germany","CLOTHING","999","448.91","2303.68","Bank Transfer","2024-01-15"
"ORD-12128","CUST-251","MARY JOHNSON","42","","USA","CLOTHING","3","48.75","943.49","","2024-01-15"
"ORD-10520","CUST-349","","46","Female","","Home & Kitchen","7","497.79","","credit card","2024-01-15"
"ORD-11289","CUST-265","David Miller","","Male","United States","Beauty","2","335.55","1196.47","credit card","15/01/2024"
"ORD-10802","CUST-125","Linda Garcia","","","","Sports","6","177.19","","","2024-01-15"
"ORD-11612","CUST-324","Robert Williams","","","United States","","","220.34","1522.87","Credit Card","2024-01-15"
"ORD-12765","CUST-182","John Smith ","58","F","U.S.A.","Sports","5","","1425.42","PAYPAL","2024-01-15"
"ORD-10716","CUST-139","Mary Johnson","72","Male","UK","","10","348.52","22.96","","2024-04-05"
"ORD-10002","CUST-309","","","M","","","5","","","","2024-04-05"
"ORD-11602","CUST-175","","51","Female","","Home & Kitchen","10","107.68","","Credit Card","2024-01-15"
"ORD-12046","CUST-221","","","","United States","Sports","9","222.55","1684.55","","2024-01-15"
"ORD-10055","CUST-301","Elizabeth Davis","180","F","United Kingdom","Books","7","","1788.60","","2024/02/20"
"ORD-12146","CUST-191","Linda Garcia","","","","Beauty","","15000","","Credit Card","2024-01-15"
"ORD-10136","CUST-320","","64","F","us","","4","121.74","1838.01","Bank Transfer","2024-04-05"
"ORD-11631","CUST-391","Linda Garcia","54","Male","Canada","Sports","10","","248.20","",""
"ORD-12243","CUST-418","Mary Johnson","44","M","Germany","","-10","417.07","","Bank Transfer","2024-04-05"
"ORD-10645","CUST-318","","27","female","USA","Sports","1","51.31","1854.66","credit card",""
"ORD-12522","CUST-396","","28","UNKNOWN","Germany","elec","9","92.12","131.41","Bank Transfer","2024-01-15"
"ORD-12673","CUST-137","Patricia Brown","","F","","Home & Kitchen","","","","credit card","2024-04-05"
"ORD-11535","CUST-404","MARY JOHNSON","70","Female","","Books","","131.99","","","15/01/2024"
"ORD-11815","CUST-383","David Miller","","","U.S.A.","Clothing","","33.14","1807.18","PAYPAL","2024-04-05"
"ORD-12122","CUST-206","","53","","United States","Books","10","445.30","290.78","PayPal","March 10 2024"
"ORD-10257","CUST-313","","42","UNKNOWN","Germany","","1","268.06","2181.37","","2024-04-05"
"ORD-11235","CUST-383","Robert Williams","","UNKNOWN","UK","Books","3","276.89","73.23","PayPal","March 10 2024"
"ORD-11366","CUST-109","john smith","67","","United Kingdom","CLOTHING","1","297.34","846.48","Credit Card","March 10 2024"
"ORD-12159","CUST-350","MARY JOHNSON","75","","USA","","","","1554.97","credit card","2024/02/20"
"ORD-12568","CUST-270","Linda Garcia","","UNKNOWN","USA","","6","","1559.57","","2024-01-15"
"ORD-12290","CUST-130","David Miller","37","","Germany","Sports","-10","","1929.21","",""
"ORD-12362","CUST-329","MARY JOHNSON","","Male","Canada","Beauty","9","207.03","1862.64","Credit Card","15/01/2024"
"ORD-10220","CUST-369","Patricia Brown","","M","U.S.A.","Electronics","5","57.76","","PAYPAL","2024-04-05"
"ORD-12379","CUST-314","michael jones","-5","","USA","Sports","6","29.21","1816.75","Cash on Delivery","2024-01-15"
"ORD-10723","CUST-297","","35","F","U.S.A.","CLOTHING","3","148.03","928.07","",""
"ORD-11095","CUST-314","","27","","","","3","31.05","966.70","PAYPAL","2024/02/20"
"ORD-12418","CUST-126","David Miller","18","female","us","","9","461.07","","PayPal","15/01/2024"
"ORD-10540","CUST-114","Elizabeth Davis","58","Female","UK","Beauty","7","377.06","1088.81","PAYPAL","2024-04-05"
"ORD-12443","CUST-267","","21","UNKNOWN","United States","elec","2","","1937.26","Bank Transfer","March 10 2024"
"ORD-11382","CUST-416","","74","Male","Canada","Clothing","","334.09","1635.44","",""
"ORD-10881","CUST-240","","","Female","USA","","","201.62","","PayPal","2024-04-05"
"ORD-11357","CUST-146","Mary Johnson","30","M","","elec","1","","1741.23","Cash on Delivery","March 10 2024"
"ORD-11454","CUST-466","Elizabeth Davis","62","Male","France","CLOTHING","3","212.17","1733.98","",""
"ORD-10304","CUST-215","","","female","USA","CLOTHING","-10","308.55","2063.71","Credit Card","2024-04-05"
"ORD-10535","CUST-115","Linda Garcia","73","Female","United States","Sports","3","245.44","327.55","","15/01/2024"
"ORD-10333","CUST-371","michael jones","31","Female","Canada","","4","295.03","338.74","Credit Card","2024-01-15"
"ORD-11442","CUST-222","michael jones","","","us","Beauty","-10","","886.38","","March 10 2024"
"ORD-11735","CUST-219","Mary Johnson","71","Male","U.S.A.","CLOTHING","","275.32","2106.56","Bank Transfer","March 10 2024"
"ORD-11743","CUST-165","MARY JOHNSON","","M","","","10","450.18","2130.67","credit card","March 10 2024"
"ORD-10585","CUST-408","John Smith ","44","UNKNOWN","Germany","Sports","10","467.02","362.99","Cash on Delivery","March 10 2024"
"ORD-12138","CUST-246","MARY JOHNSON","47","Male","USA","Books","1","","","PayPal","2024-01-15"
"ORD-11241","CUST-430","","","F","us","Books","4","92.84","730.20","Cash on Delivery","2024-01-15"
"ORD-12728","CUST-449","","68","female","United States","","","314.51","","credit card",""
"ORD-10367","CUST-304","Elizabeth Davis","34","","us","Electronics","2","151.78","1472.24","credit card",""
"ORD-12840","CUST-114","Patricia Brown","31","","USA","Sports","","13.22","774.88","",""
"ORD-11897","CUST-294","David Miller","72","male","United Kingdom","Books","4","443.91","62.44","Bank Transfer","March 10 2024"
"ORD-11454","CUST-466","Elizabeth Davis","62","Male","France","CLOTHING","3","212.17","1733.98","",""
"ORD-10979","CUST-258","Patricia Brown","49","UNKNOWN","us","Clothing","","459.33","541.48","Credit Card","March 10 2024"
"ORD-12827","CUST-343","","39","female","Canada","Home & Kitchen","5","121.47","1281.52","Bank Transfer","15/01/2024"
"ORD-11552","CUST-300","David Miller","44","F","U.S.A.","Electronics","9","","","Bank Transfer","2024-01-15"
"ORD-11489","CUST-500","David Miller","","female","Canada","","9","","","PayPal","15/01/2024"
"ORD-10853","CUST-488","MARY JOHNSON","57","","UK","Books","3","14.23","","credit card","2024-04-05"
"ORD-12328","CUST-103","","-5","","Canada","Home & Kitchen","9","332.94","1114.16","Bank Transfer",""
"ORD-12123","CUST-272","David Miller","70","Male","United Kingdom","","2","471.91","","PAYPAL",""
"ORD-10073","CUST-412","Elizabeth Davis","44","F","France","Home & Kitchen","8","455.41","2303.94","Cash on Delivery","March 10 2024"
"ORD-11581","CUST-110","John Smith ","26","Male","UK","","8","","","credit card","2024-04-05"
"ORD-12878","CUST-402","Mary Johnson","23","Male","France","Clothing","2","398.85","741.87","PayPal","2024-01-15"
"ORD-11668","CUST-401","Robert Williams","180","F","","Beauty","7","11.19","1112.38","","March 10 2024"
"ORD-12901","CUST-259","john smith","","male","France","elec","7","89.38","474.88","PAYPAL","2024-04-05"
"ORD-12505","CUST-246","john smith","","","USA","Home & Kitchen","9","289.15","1644.44","Bank Transfer","2024/02/20"
"ORD-11953","CUST-123","Robert Williams","","","","Electronics","8","","1651.20","",""
"ORD-12565","CUST-173","Patricia Brown","48","male","United States","elec","","122.12","1752.19","PAYPAL","2024-01-15"
"ORD-12501","CUST-380","Robert Williams","67","female","Germany","Electronics","1","","1201.37","Credit Card","2024/02/20"
"ORD-11372","CUST-337","john smith","65","Male","Canada","Beauty","8","","261.47","PAYPAL","March 10 2024"
"ORD-12256","CUST-255","","50","female","Canada","","7","390.56","","Cash on Delivery","2024/02/20"
"ORD-10766","CUST-113","Linda Garcia","25","Female","USA","Clothing","999","","","Cash on Delivery",""
"ORD-12239","CUST-105","Linda Garcia","","UNKNOWN","U.S.A.","Electronics","2","","","Credit Card",""
"ORD-12229","CUST-333","Mary Johnson","45","Male","France","elec","6","415.55","","Cash on Delivery","2024-01-15"
"ORD-12694","CUST-484","Mary Johnson","25","","U.S.A.","Home & Kitchen","","77.75","303.58","PayPal","15/01/2024"
"ORD-10978","CUST-193","Robert Williams","21","","","Home & Kitchen","8","221.59","1044.43","PAYPAL",""
"ORD-12674","CUST-123","Robert Williams","23","UNKNOWN","France","Home & Kitchen","3","104.36","","Bank Transfer",""
"ORD-12609","CUST-430","","","male","United Kingdom","","5","179.91","269.74","credit card","March 10 2024"
"ORD-10600","CUST-153","","70","M","","","6","337.03","337.18","",""
"ORD-11264","CUST-196","","","UNKNOWN","France","","7","495.84","","",""
"ORD-10173","CUST-100","David Miller","47","","","Clothing","3","352.67","1163.54","","March 10 2024"
"ORD-11021","CUST-451","Mary Johnson","41","M","U.S.A.","CLOTHING","-10","302.15","","credit card",""
"ORD-12254","CUST-368","michael jones","39","male","U.S.A.","","3","194.28","1982.87","credit card","March 10 2024"
"ORD-12429","CUST-313","Patricia Brown","52","Female","U.S.A.","elec","","","","PAYPAL","2024/02/20"
"ORD-12116","CUST-115","John Smith ","68","female","United States","","6","","1847.56","Credit Card","March 10 2024"
"ORD-11538","CUST-199","John Smith ","","F","Canada","CLOTHING","","394.62","","","2024-04-05"
"ORD-10894","CUST-214","john smith","39","Male","UK","Electronics","3","","1151.75","PAYPAL",""
"ORD-11677","CUST-213","David Miller","69","female","us","elec","9","207.64","1834.40","Bank Transfer","2024/02/20"
"ORD-12339","CUST-161","MARY JOHNSON","180","","us","Sports","","","1919.57","Bank Transfer",""
"ORD-12932","CUST-100","Mary Johnson","36","male","France","","","","1155.17","Bank Transfer","2024-04-05"
"ORD-11609","CUST-116","","180","","USA","Clothing","6","416.98","","",""
"ORD-12911","CUST-393","Mary Johnson","","UNKNOWN","us","CLOTHING","7","","","","March 10 2024"
"ORD-12571","CUST-321","David Miller","40","female","USA","elec","","127.34","1771.99","credit card","2024-01-15"
"ORD-12622","CUST-408","john smith","","female","United Kingdom","Books","","131.16","1088.23","","2024/02/20"
"ORD-10398","CUST-381","Mary Johnson","49","male","","Sports","3","455.87","1819.57","","15/01/2024"
"ORD-11342","CUST-112","","29","M","UK","","4","217.96","1262.22","Bank Transfer","2024-01-15"
"ORD-11178","CUST-460","","-5","UNKNOWN","Canada","Clothing","9","479.46","1310.96","Cash on Delivery","15/01/2024"
"ORD-11436","CUST-322","john smith","21","Female","","Sports","9","217.90","2055.56","","2024-04-05"
"ORD-11146","CUST-459","MARY JOHNSON","180","UNKNOWN","France","Books","4","82.29","668.58","Cash on Delivery",""
"ORD-10507","CUST-116","David Miller","49","F","USA","","7","113.40","258.97","","15/01/2024"
"ORD-11956","CUST-151","Linda Garcia","74","","UK","Sports","3","390.70","184.81","",""
"ORD-12506","CUST-230","Patricia Brown","65","M","Canada","Books","999","453.13","1873.08","credit card",""
"ORD-12389","CUST-264","Elizabeth Davis","","Male","France","","9","","962.63","credit card","March 10 2024"
"ORD-11906","CUST-335","Linda Garcia","68","F","United Kingdom","Home & Kitchen","","321.32","1254.13","Credit Card","March 10 2024"
"ORD-11827","CUST-258","Robert Williams","20","male","United States","","","198.62","1562.67","Bank Transfer","15/01/2024"
"ORD-12864","CUST-148","Elizabeth Davis","69","male","UK","Electronics","8","297.64","2274.65","Bank Transfer","March 10 2024"
"ORD-12444","CUST-376","","32","Male","France","elec","7","384.17","988.00","Bank Transfer","2024-04-05"
"ORD-11951","CUST-136","MARY JOHNSON","","M","United States","elec","8","282.49","1658.01","PayPal","March 10 2024"
"ORD-12550","CUST-465","john smith","56","female","France","","999","359.49","1482.12","PAYPAL","March 10 2024"
"ORD-12391","CUST-396","Mary Johnson","180","Male","","Electronics","6","490.90","2298.65","Credit Card","2024-04-05"
"ORD-12386","CUST-465","","-5","Female","us","Sports","4","","735.24","credit card",""
"ORD-10478","CUST-382","MARY JOHNSON","49","UNKNOWN","","Sports","3","243.42","1070.93","Bank Transfer",""
"ORD-11586","CUST-165","MARY JOHNSON","","male","UK","Clothing","9","300.96","668.32","Cash on Delivery","2024/02/20"
"ORD-10277","CUST-293","Robert Williams","57","male","us","Home & Kitchen","8","335.46","2199.97","PayPal","March 10 2024"
"ORD-12750","CUST-205","michael jones","","UNKNOWN","","","9","43.02","432.92","Credit Card","March 10 2024"
"ORD-12843","CUST-300","John Smith ","","male","UK","Books","6","337.20","2236.55","PAYPAL",""
"ORD-11243","CUST-420","john smith","64","male","UK","CLOTHING","9","387.41","256.09","Credit Card",""
"ORD-11630","CUST-347","David Miller","","Female","Canada","","4","170.90","2352.27","PayPal",""
"ORD-11250","CUST-263","MARY JOHNSON","180","Female","France","","2","358.27","2321.07","credit card",""
"ORD-11384","CUST-173","John Smith ","63","female","Germany","elec","3","","1798.78","","2024-04-05"
"ORD-11418","CUST-279","","","","","Clothing","999","238.75","400.41","","2024/02/20"
"ORD-10960","CUST-287","Mary Johnson","","Male","USA","elec","8","341.07","1111.34","Credit Card","2024-01-15"
"ORD-11282","CUST-330","Mary Johnson","64","UNKNOWN","Germany","Clothing","2","","417.37","Cash on Delivery","15/01/2024"
"ORD-10140","CUST-266","David Miller","60","UNKNOWN","U.S.A.","Sports","10","266.48","550.88","credit card","2024/02/20"
"ORD-12942","CUST-252","MARY JOHNSON","29","F","U.S.A.","","10","209.52","643.42","Bank Transfer",""
"ORD-11758","CUST-233","Mary Johnson","180","UNKNOWN","UK","elec","7","241.77","1855.50","PayPal","2024-04-05"
"ORD-11246","CUST-213","","73","UNKNOWN","","Electronics","3","","1595.50","","2024-04-05"
"ORD-10609","CUST-334","","18","","USA","Home & Kitchen","2","433.54","1425.79","","March 10 2024"
"ORD-11486","CUST-184","David Miller","","male","Canada","Books","5","328.59","853.31","","2024/02/20"
"ORD-10139","CUST-489","","33","","USA","CLOTHING","3","","1951.15","Cash on Delivery","2024/02/20"
"ORD-11273","CUST-472","Linda Garcia","33","M","France","Home & Kitchen","","73.01","1315.61","Bank Transfer","March 10 2024"
"ORD-11450","CUST-113","Patricia Brown","55","","U.S.A.","","9","245.65","546.25","Cash on Delivery",""
"ORD-10542","CUST-402","David Miller","","UNKNOWN","us","Clothing","999","236.31","1924.79","Credit Card",""
"ORD-10913","CUST-138","michael jones","47","Male","United States","Beauty","","","344.59","Bank Transfer","2024-04-05"
"ORD-12012","CUST-155","","72","F","us","Clothing","4","","642.71","Bank Transfer",""
"ORD-11637","CUST-282","John Smith ","44","M","UK","CLOTHING","2","283.11","","PAYPAL",""
"ORD-11249","CUST-452","Robert Williams","35","UNKNOWN","Canada","Home & Kitchen","4","22.71","1231.53","","2024-04-05"
"ORD-10991","CUST-108","David Miller","64","UNKNOWN","Germany","elec","10","275.96","1034.34","",""
"ORD-11712","CUST-162","","","","Germany","Home & Kitchen","","","","PayPal","2024/02/20"
"ORD-10820","CUST-174","michael jones","","Male","USA","Books","6","331.96","","PAYPAL","March 10 2024"
"ORD-11857","CUST-302","John Smith ","","female","Germany","Home & Kitchen","","407.06","546.23","Cash on Delivery","2024-04-05"
"ORD-11911","CUST-167","Mary Johnson","51","F","","Beauty","4","","1009.11","PayPal","March 10 2024"
"ORD-10308","CUST-346","MARY JOHNSON","68","F","United Kingdom","","6","259.79","432.81","Bank Transfer","15/01/2024"
"ORD-12518","CUST-457","Elizabeth Davis","74","UNKNOWN","us","CLOTHING","","","240.98","credit card","2024-04-05"
"ORD-12647","CUST-363","John Smith ","32","female","Canada","Clothing","999","280.65","","Cash on Delivery","2024-04-05"
"ORD-12870","CUST-225","MARY JOHNSON","","Female","U.S.A.","Beauty","9","300.79","","Cash on Delivery",""
"ORD-10404","CUST-257","John Smith ","180","female","United Kingdom","Home & Kitchen","9","","721.12","Bank Transfer","2024-04-05"
"ORD-10428","CUST-393","","180","F","United Kingdom","Electronics","","121.45","839.50","PayPal","15/01/2024"
"ORD-11274","CUST-213","","23","male","UK","Books","7","209.41","","credit card","2024-04-05"
"ORD-10486","CUST-268","michael jones","58","male","UK","Sports","4","414.14","360.61","Credit Card","2024-04-05"
"ORD-11739","CUST-265","David Miller","47","F","United States","elec","2","297.53","1432.90","PayPal","15/01/2024"
"ORD-11229","CUST-445","","70","female","U.S.A.","Books","6","356.71","1704.60","PAYPAL","2024-01-15"
"ORD-10416","CUST-245","john smith","-5","Male","USA","Sports","7","150.38","1135.99","PayPal","2024/02/20"
"ORD-11057","CUST-176","michael jones","62","female","United Kingdom","","9","153.66","","","2024-04-05"
"ORD-10221","CUST-252","Patricia Brown","71","UNKNOWN","France","","","299.46","2098.79","Bank Transfer","March 10 2024"
"ORD-10231","CUST-494","MARY JOHNSON","36","male","United Kingdom","Books","4","406.41","1721.45","PAYPAL","March 10 2024"
"ORD-10491","CUST-197","","70","","France","Beauty","8","58.98","1090.00","PayPal","2024-04-05"
"ORD-12145","CUST-386","John Smith ","24","F","","Beauty","9","30.73","412.14","","March 10 2024"
"ORD-10514","CUST-392","Elizabeth Davis","41","","","elec","","243.57","","Credit Card","2024-04-05"
"ORD-10218","CUST-275","michael jones","75","","United States","elec","8","","","Credit Card","2024-04-05"
"ORD-12381","CUST-447","MARY JOHNSON","-5","Male","United Kingdom","Beauty","6","227.92","1652.28","","15/01/2024"
"ORD-12704","CUST-352","Patricia Brown","73","F","Canada","","5","356.88","","",""
"ORD-10825","CUST-106","","30","UNKNOWN","France","Sports","999","","751.10","","2024-01-15"
"ORD-12070","CUST-222","Patricia Brown","18","M","United States","","7","","1265.98","credit card","15/01/2024"
"ORD-11126","CUST-212","Patricia Brown","43","Male","United States","Books","8","58.32","1406.02","Bank Transfer",""
"ORD-12192","CUST-225","","67","F","U.S.A.","Beauty","4","419.12","701.59","credit card",""
"ORD-11073","CUST-207","Linda Garcia","60","Male","U.S.A.","","4","363.56","1467.57","","2024-01-15"
"ORD-11902","CUST-232","","50","UNKNOWN","","Home & Kitchen","2","232.20","","Credit Card","2024-04-05"
"ORD-12214","CUST-153","","","Male","United States","CLOTHING","","","","Credit Card","2024/02/20"
"ORD-11793","CUST-385","Elizabeth Davis","","F","U.S.A.","Electronics","1","","478.89","PayPal","2024/02/20"
"ORD-10402","CUST-327","Elizabeth Davis","","M","Germany","Beauty","1","","116.38","Bank Transfer","15/01/2024"
"ORD-12358","CUST-460","","22","F","Canada","CLOTHING","5","409.83","127.74","","2024-04-05"
"ORD-10792","CUST-309","Elizabeth Davis","18","F","us","Beauty","2","15000","933.50","Credit Card","2024-04-05"
"ORD-10169","CUST-105","Mary Johnson","27","F","United Kingdom","","3","84.17","954.40","",""
"ORD-11106","CUST-231","Elizabeth Davis","65","M","United States","","","434.77","","Credit Card","2024-04-05"
"ORD-12949","CUST-159","","49","Male","","","-10","442.79","","Cash on Delivery","15/01/2024"
"ORD-10023","CUST-333","Elizabeth Davis","33","","us","","2","100.88","","Cash on Delivery","2024/02/20"
"ORD-10546","CUST-110","","33","Male","","elec","","263.33","2358.84","Credit Card","2024-04-05"
"ORD-12139","CUST-422","MARY JOHNSON","46","Female","us","elec","999","462.72","","Cash on Delivery","2024-04-05"
"ORD-10356","CUST-168","Patricia Brown","","Male","U.S.A.","CLOTHING","5","","812.66","Bank Transfer","15/01/2024"
"ORD-12889","CUST-405","john smith","29","","United States","Home & Kitchen","","","390.74","","2024-01-15"
"ORD-11611","CUST-352","Patricia Brown","59","","USA","Clothing","","358.08","","","March 10 2024"
"ORD-10273","CUST-234","Mary Johnson","54","male","us","elec","10","67.91","553.92","Bank Transfer","2024-01-15"
"ORD-11481","CUST-143","Mary Johnson","","male","Canada","Beauty","5","","","Bank Transfer","March 10 2024"
"ORD-12298","CUST-230","","61","F","France","","9","","260.31","","March 10 2024"
"ORD-11349","CUST-212","Linda Garcia","49","male","United States","Sports","","130.39","59.98","Bank Transfer","March 10 2024"
"ORD-11303","CUST-421","Elizabeth Davis","23","male","U.S.A.","Books","1","178.13","395.35","Credit Card","March 10 2024"
"ORD-12176","CUST-433","Elizabeth Davis","30","Female","U.S.A.","Electronics","8","216.14","42.79","","2024-04-05"
"ORD-12993","CUST-426","Patricia Brown","","UNKNOWN","United States","","8","","1264.98","","2024/02/20"
"ORD-10502","CUST-259","Elizabeth Davis","","male","us","Clothing","5","55.08","1504.30","PAYPAL","2024-04-05"
"ORD-12262","CUST-136","","","Female","U.S.A.","","3","470.07","","Credit Card","2024/02/20"
"ORD-12844","CUST-124","Elizabeth Davis","","Female","us","","3","297.58","274.01","Cash on Delivery","2024-04-05"
"ORD-10596","CUST-213","David Miller","67","female","U.S.A.","Electronics","9","384.62","2376.99","Cash on Delivery","2024-04-05"
"ORD-12720","CUST-340","","47","F","","Beauty","6","104.09","1554.36","PayPal","2024-01-15"
"ORD-12434","CUST-347","John Smith ","46","","France","Home & Kitchen","4","","170.58","Credit Card","2024-04-05"
"ORD-11137","CUST-137","Patricia Brown","60","M","","Books","9","23.19","","PAYPAL","2024-01-15"
"ORD-10872","CUST-310","john smith","34","","U.S.A.","Sports","6","260.93","2293.33","credit card","2024-01-15"
"ORD-12799","CUST-315","","67","F","Canada","Sports","","194.60","1143.63","","2024-04-05"
"ORD-11541","CUST-299","","26","male","France","Home & Kitchen","10","276.47","1430.47","Cash on Delivery","2024/02/20"
"ORD-10861","CUST-347","Linda Garcia","62","male","United Kingdom","","","","367.43","","2024-01-15"
"ORD-11346","CUST-465","Patricia Brown","75","","United Kingdom","Clothing","9","","","PayPal","2024/02/20"
"ORD-11643","CUST-479","Robert Williams","48","Male","us","elec","","270.51","","credit card","2024-01-15"
"ORD-10088","CUST-457","","41","F","United States","CLOTHING","5","167.09","291.46","PayPal","15/01/2024"
"ORD-11895","CUST-299","Patricia Brown","","Male","United States","Books","-10","190.83","930.80","Cash on Delivery","2024/02/20"
"ORD-10638","CUST-168","Robert Williams","45","F","UK","CLOTHING","8","432.16","","Credit Card","2024-01-15"
"ORD-12965","CUST-189","David Miller","","","","Beauty","7","","920.49","Cash on Delivery","2024-01-15"
"ORD-12597","CUST-464","Linda Garcia","","female","U.S.A.","elec","10","353.44","1109.44","","March 10 2024"
"ORD-12160","CUST-337","Robert Williams","","","United Kingdom","Clothing","","479.65","","",""
"ORD-10310","CUST-373","michael jones","","Male","USA","","9","257.42","1925.37","Bank Transfer","March 10 2024"
"ORD-10770","CUST-345","Robert Williams","","female","Germany","Beauty","5","274.95","1295.82","Credit Card","2024-01-15"
"ORD-11689","CUST-241","Patricia Brown","67","Female","France","Electronics","1","271.54","203.51","PayPal","15/01/2024"
"ORD-11769","CUST-348","","74","","","Books","5","","","","2024-01-15"
"ORD-12404","CUST-147","Mary Johnson","68","","us","Home & Kitchen","","","1454.97","Cash on Delivery","15/01/2024"
"ORD-10695","CUST-321","MARY JOHNSON","","UNKNOWN","UK","Clothing","1","","","Bank Transfer","2024/02/20"
"ORD-12607","CUST-385","john smith","42","","Germany","Home & Kitchen","8","15000","1471.49","credit card","2024-04-05"
"ORD-10453","CUST-347","","","","USA","","","208.42","2240.71","Bank Transfer",""
"ORD-12850","CUST-128","Robert Williams","65","female","","Books","3","341.34","485.44","PayPal","2024-04-05"
"ORD-10135","CUST-202","David Miller","","female","us","Beauty","10","","874.70","PAYPAL","March 10 2024"
"ORD-12537","CUST-468","","59","","UK","Electronics","","190.85","","Cash on Delivery",""
"ORD-11406","CUST-280","Mary Johnson","34","UNKNOWN","Germany","","","265.91","1954.38","PAYPAL",""
"ORD-12971","CUST-254","Mary Johnson","","","","elec","2","326.49","540.82","PayPal",""
"ORD-10927","CUST-427","Linda Garcia","","","Canada","elec","","21.12","765.58","PayPal","2024/02/20"
"ORD-11847","CUST-417","","46","M","United Kingdom","Clothing","1","403.84","162.39","credit card","15/01/2024"
"ORD-10644","CUST-325","","74","","","","5","144.41","1302.19","PAYPAL",""
"ORD-10976","CUST-438","John Smith ","68","female","U.S.A.","CLOTHING","3","88.70","1387.67","Credit Card","15/01/2024"
"ORD-11121","CUST-381","Linda Garcia","","Male","","","7","154.94","1375.41","Cash on Delivery","March 10 2024"
"ORD-12507","CUST-346","michael jones","48","M","United States","Sports","9","","2009.95","Bank Transfer","2024-01-15"
"ORD-12420","CUST-478","David Miller","44","female","France","elec","2","289.49","","PayPal","2024/02/20"
"ORD-10066","CUST-442","Mary Johnson","180","male","UK","","3","15000","1530.44","Cash on Delivery","2024-04-05"
"ORD-12739","CUST-486","Linda Garcia","59","","","Sports","","","2254.86","credit card","March 10 2024"
"ORD-12299","CUST-217","MARY JOHNSON","61","UNKNOWN","Canada","Electronics","999","420.26","1221.90","","March 10 2024"
"ORD-11933","CUST-289","","65","F","","Beauty","7","260.41","","Credit Card","2024-01-15"
"ORD-11129","CUST-336","michael jones","","Female","U.S.A.","Clothing","7","272.41","839.82","PAYPAL","2024-04-05"
"ORD-10530","CUST-284","MARY JOHNSON","33","male","USA","Books","6","","1621.21","PAYPAL","2024/02/20"
"ORD-11756","CUST-172","Mary Johnson","","Female","UK","Home & Kitchen","","291.37","2056.27","credit card",""
"ORD-11467","CUST-404","Robert Williams","","female","us","elec","","92.51","1009.73","credit card","2024-04-05"
"ORD-12611","CUST-246","john smith","","female","U.S.A.","elec","2","35.13","1583.15","",""
"ORD-11414","CUST-241","Elizabeth Davis","33","","France","","6","40.57","1268.59","Credit Card","15/01/2024"
"ORD-12029","CUST-353","Robert Williams","62","female","","CLOTHING","9","490.78","1765.97","Credit Card","15/01/2024"
"ORD-12380","CUST-383","Robert Williams","67","female","U.S.A.","","-10","","","Bank Transfer","2024-01-15"
"ORD-11593","CUST-430","Robert Williams","46","","Germany","elec","9","371.93","","","2024-04-05"
"ORD-11351","CUST-378","","59","Male","United States","Home & Kitchen","4","224.88","126.68","PAYPAL","15/01/2024"
"ORD-12477","CUST-143","","","Female","USA","","6","","1673.26","credit card","2024/02/20"
"ORD-11136","CUST-330","michael jones","","","Canada","Home & Kitchen","3","","907.67","","15/01/2024"
"ORD-12967","CUST-308","john smith","","Female","UK","Books","4","455.20","","Cash on Delivery","2024-04-05"
"ORD-11594","CUST-190","","64","UNKNOWN","United States","Books","1","","","PAYPAL","2024/02/20"
"ORD-12658","CUST-445","","","","","Books","8","","144.17","credit card","15/01/2024"
"ORD-12846","CUST-373","MARY JOHNSON","66","M","","elec","","110.25","2381.87","credit card",""
"ORD-12445","CUST-191","john smith","66","Female","Canada","CLOTHING","4","","618.27","Credit Card","March 10 2024"
"ORD-11392","CUST-452","john smith","","F","France","Electronics","1","","","Bank Transfer","2024-01-15"
"ORD-12991","CUST-426","Linda Garcia","","Male","United Kingdom","CLOTHING","","359.03","1400.05","","15/01/2024"
"ORD-10492","CUST-422","","","female","United States","","","","","PayPal","2024/02/20"
"ORD-10554","CUST-339","Linda Garcia","41","female","","Clothing","8","415.18","1904.84","",""
"ORD-12985","CUST-240","Mary Johnson","","Male","UK","Home & Kitchen","","","","","2024-01-15"
"ORD-12224","CUST-424","Mary Johnson","28","","USA","","7","386.13","476.72","","2024-01-15"
"ORD-12793","CUST-405","","35","Female","U.S.A.","Home & Kitchen","10","332.83","627.90","Bank Transfer",""
"ORD-10952","CUST-261","Linda Garcia","24","UNKNOWN","Canada","Home & Kitchen","8","416.07","121.18","Cash on Delivery","2024/02/20"
"ORD-10023","CUST-333","Elizabeth Davis","33","","us","","2","100.88","","Cash on Delivery","2024/02/20"
"ORD-12064","CUST-339","michael jones","70","UNKNOWN","United Kingdom","elec","7","310.83","1902.00","credit card","2024-01-15"
"ORD-11819","CUST-191","David Miller","63","","","Beauty","3","140.26","2410.25","PayPal","2024-01-15"
"ORD-10992","CUST-306","Mary Johnson","","Male","UK","CLOTHING","2","15000","1598.56","Bank Transfer","2024-01-15"
"ORD-11089","CUST-483","Mary Johnson","46","female","Germany","Beauty","-10","204.62","986.41","PayPal","2024-04-05"
"ORD-11254","CUST-250","michael jones","","","Germany","Books","","352.97","1910.51","Bank Transfer",""
"ORD-12698","CUST-315","michael jones","","M","Germany","","2","294.72","2311.35","PayPal","2024-04-05"
"ORD-11501","CUST-136","John Smith ","45","F","","Clothing","5","87.21","","","2024-01-15"
"ORD-11308","CUST-291","Patricia Brown","","Female","Germany","","3","235.37","850.08","credit card","2024-04-05"
"ORD-12052","CUST-263","","62","M","Germany","Books","6","45.76","1946.15","PayPal","15/01/2024"
"ORD-10646","CUST-154","Elizabeth Davis","-5","","France","","4","","","Cash on Delivery","15/01/2024"
"ORD-12572","CUST-225","Linda Garcia","57","Female","Germany","elec","8","295.21","839.88","","2024-04-05"
"ORD-10687","CUST-258","john smith","24","M","United Kingdom","Electronics","","448.82","2106.76","","2024-04-05"
"ORD-10794","CUST-270","John Smith ","26","Female","","","-10","178.66","1022.52","PayPal","15/01/2024"
"ORD-10836","CUST-257","","","female","","elec","9","442.08","2356.52","","15/01/2024"
"ORD-10891","CUST-189","michael jones","","","","","2","","1304.27","Credit Card","2024-04-05"
"ORD-10124","CUST-165","Linda Garcia","","UNKNOWN","United States","CLOTHING","5","278.87","1036.58","","2024-04-05"
"ORD-10121","CUST-132","john smith","","Female","UK","Books","","468.97","29.47","credit card","March 10 2024"
"ORD-12641","CUST-500","","73","male","United Kingdom","","6","","987.10","Cash on Delivery","March 10 2024"
"ORD-12027","CUST-403","michael jones","26","UNKNOWN","Canada","Sports","3","277.86","","PayPal","15/01/2024"
"ORD-12555","CUST-169","Elizabeth Davis","48","","USA","Beauty","3","","","Credit Card",""
"ORD-12788","CUST-448","","","","Canada","CLOTHING","1","434.41","1491.57","credit card","15/01/2024"
"ORD-11387","CUST-480","","","UNKNOWN","Germany","Home & Kitchen","7","253.07","1386.69","Cash on Delivery","2024-01-15"
"ORD-10920","CUST-310","John Smith ","","M","","","4","367.18","","",""
"ORD-12075","CUST-204","","27","","USA","","3","454.18","1528.70","Cash on Delivery",""
"ORD-10209","CUST-369","Patricia Brown","33","Male","us","","3","","","","2024/02/20"
"ORD-10620","CUST-297","MARY JOHNSON","26","M","France","Sports","","164.89","1818.92","credit card","2024/02/20"
"ORD-12578","CUST-309","john smith","","female","Germany","Home & Kitchen","","","314.07","Credit Card","15/01/2024"
"ORD-10388","CUST-313","Linda Garcia","","Male","United Kingdom","CLOTHING","","355.29","","PayPal","2024-04-05"
"ORD-10358","CUST-490","michael jones","35","","Germany","Beauty","9","277.90","890.23","Credit Card","2024/02/20"
"ORD-12220","CUST-309","Robert Williams","","male","UK","Electronics","9","15000","1468.28","PAYPAL","15/01/2024"
"ORD-10286","CUST-346","john smith","24","F","United Kingdom","Books","10","","1942.85","Cash on Delivery","15/01/2024"
"ORD-10185","CUST-393","","29","UNKNOWN","Germany","Home & Kitchen","3","96.74","","PAYPAL","2024-01-15"
"ORD-12973","CUST-406","Mary Johnson","47","Male","","Sports","","361.88","2314.30","PAYPAL","2024/02/20"
"ORD-11797","CUST-218","MARY JOHNSON","23","female","U.S.A.","","10","308.56","1820.73","Cash on Delivery",""
"ORD-12266","CUST-131","Mary Johnson","26","","USA","Electronics","3","266.24","948.65","Cash on Delivery","March 10 2024"
"ORD-11033","CUST-341","","51","","France","Home & Kitchen","10","413.49","874.63","credit card","15/01/2024"
"ORD-11683","CUST-331","David Miller","","Female","","Electronics","","340.20","","PAYPAL","15/01/2024"
"ORD-11825","CUST-440","","24","F","","Clothing","","207.62","1923.55","PAYPAL","2024-01-15"
"ORD-10971","CUST-146","David Miller","53","male","","CLOTHING","7","173.17","1773.66","","2024-01-15"
"ORD-11470","CUST-186","Robert Williams","-5","F","U.S.A.","Beauty","4","96.16","","","2024-01-15"
"ORD-12314","CUST-213","Elizabeth Davis","51","female","Canada","Sports","4","337.84","1495.95","Cash on Delivery",""
"ORD-11231","CUST-106","Mary Johnson","63","male","","Clothing","1","","72.07","","March 10 2024"
"ORD-10258","CUST-216","john smith","","","Germany","elec","5","246.93","49.37","Bank Transfer","2024-01-15"
"ORD-12691","CUST-322","","","","UK","","","223.21","1115.16","PAYPAL",""
"ORD-10535","CUST-115","Linda Garcia","73","Female","United States","Sports","3","245.44","327.55","","15/01/2024"
"ORD-12408","CUST-470","Linda Garcia","-5","male","France","Beauty","","","","","2024-01-15"
"ORD-10337","CUST-126","John Smith ","51","Female","United Kingdom","Sports","","","621.58","Credit Card","15/01/2024"
"ORD-12303","CUST-328","","","Female","","Sports","","141.98","1638.02","PAYPAL","2024-04-05"
"ORD-10639","CUST-118","MARY JOHNSON","38","","Canada","CLOTHING","","","1292.62","","2024-01-15"
"ORD-10701","CUST-455","john smith","","","","Sports","6","","1126.83","Bank Transfer","2024/02/20"
"ORD-10198","CUST-123","","27","M","U.S.A.","CLOTHING","8","452.25","1760.46","",""
"ORD-11555","CUST-326","Elizabeth Davis","27","male","United Kingdom","Beauty","6","","1426.40","Cash on Delivery","March 10 2024"
"ORD-10919","CUST-406","John Smith ","63","F","","Sports","","97.39","","Bank Transfer","2024/02/20"
"ORD-10541","CUST-354","john smith","72","Female","","","3","200.72","1528.55","credit card","2024-04-05"
"ORD-12374","CUST-467","michael jones","","M","","Beauty","999","","","Bank Transfer",""
"ORD-11928","CUST-265","MARY JOHNSON","64","","Germany","Electronics","3","","1694.16","credit card","March 10 2024"
"ORD-11373","CUST-306","","43","male","","","6","25.39","466.85","PayPal","2024-04-05"
"ORD-11232","CUST-196","Patricia Brown","19","male","France","","8","","1434.23","",""
"ORD-11818","CUST-305","Patricia Brown","","M","USA","Electronics","","486.59","","PAYPAL","15/01/2024"
"ORD-10787","CUST-460","michael jones","25","female","us","Clothing","-10","","1691.58","","2024/02/20"
"ORD-10311","CUST-230","michael jones","","Male","us","","6","","265.89","credit card","2024-01-15"
"ORD-12025","CUST-492","michael jones","39","UNKNOWN","USA","Home & Kitchen","-10","243.78","134.50","Credit Card","March 10 2024"
"ORD-12912","CUST-323","Linda Garcia","41","","UK","elec","10","336.28","","Cash on Delivery",""
"ORD-10968","CUST-303","","33","UNKNOWN","Germany","Electronics","3","328.64","2270.64","credit card","2024-01-15"
"ORD-12953","CUST-101","Linda Garcia","44","female","U.S.A.","","9","64.49","","","2024-01-15"
"ORD-10393","CUST-113","Robert Williams","30","Male","","","","413.29","650.63","Cash on Delivery","2024/02/20"
"ORD-10417","CUST-154","","27","male","U.S.A.","CLOTHING","9","474.32","1144.81","PAYPAL",""
"ORD-12603","CUST-340","Mary Johnson","","Female","United States","CLOTHING","2","","513.04","PayPal",""
"ORD-12541","CUST-435","michael jones","66","Male","us","Books","7","","1101.60","Cash on Delivery","March 10 2024"
"ORD-12174","CUST-136","Patricia Brown","48","","Germany","Clothing","6","","1480.48","PAYPAL","15/01/2024"
"ORD-10870","CUST-346","MARY JOHNSON","70","male","United Kingdom","Sports","8","373.03","2361.74","credit card","2024-01-15"
"ORD-11540","CUST-249","","48","female","","CLOTHING","9","","1310.46","PAYPAL","2024-04-05"
"ORD-12786","CUST-433","David Miller","","Female","U.S.A.","Clothing","1","33.70","","PayPal","15/01/2024"
"ORD-10144","CUST-198","Linda Garcia","18","F","United States","Beauty","8","34.21","","PayPal","2024/02/20"
"ORD-10754","CUST-131","John Smith ","25","F","United Kingdom","Beauty","","15000","","Bank Transfer","March 10 2024"
"ORD-12282","CUST-462","John Smith ","","female","","Books","1","","428.95","PayPal",""
"ORD-10432","CUST-389","Elizabeth Davis","27","Male","United States","CLOTHING","6","13.42","","Cash on Delivery","15/01/2024"
"ORD-12613","CUST-381","","","Female","U.S.A.","Electronics","10","15000","","credit card","2024-01-15"
"ORD-12821","CUST-467","john smith","","UNKNOWN","USA","","","","","credit card","15/01/2024"
"ORD-11823","CUST-155","Mary Johnson","52","F","USA","Beauty","2","","342.85","Bank Transfer","2024-01-15"
"ORD-11094","CUST-108","Mary Johnson","53","M","United Kingdom","","","439.70","","Bank Transfer","2024-04-05"
"ORD-12365","CUST-443","Elizabeth Davis","44","","United Kingdom","elec","","293.18","566.00","Credit Card","2024/02/20"
"ORD-10044","CUST-399","michael jones","","","United Kingdom","","10","204.67","1486.05","Bank Transfer","2024-01-15"
"ORD-11573","CUST-481","Elizabeth Davis","74","Male","France","","9","","2092.17","credit card","2024-04-05"
"ORD-12289","CUST-216","David Miller","68","UNKNOWN","us","Beauty","9","151.38","1676.77","","March 10 2024"
"ORD-11290","CUST-379","Mary Johnson","36","Male","","","1","","","","2024-04-05"
"ORD-11374","CUST-350","David Miller","60","","Germany","Beauty","4","","2134.87","","15/01/2024"
"ORD-11242","CUST-401","David Miller","","male","United Kingdom","Electronics","4","334.68","2218.95","","15/01/2024"
"ORD-10946","CUST-127","MARY JOHNSON","24","Female","USA","","6","","1697.54","Bank Transfer",""
"ORD-10470","CUST-477","Linda Garcia","27","male","U.S.A.","Books","10","","","PAYPAL","2024/02/20"
"ORD-10014","CUST-361","","180","Female","U.S.A.","","","174.20","886.91","Bank Transfer","15/01/2024"
"ORD-10013","CUST-474","Elizabeth Davis","-5","Female","U.S.A.","Sports","7","397.73","1247.04","PAYPAL","2024/02/20"
"ORD-12853","CUST-436","Robert Williams","53","","","Electronics","","209.75","","","15/01/2024"
"ORD-12123","CUST-272","David Miller","70","Male","United Kingdom","","2","471.91","","PAYPAL",""
"ORD-11720","CUST-366","michael jones","42","female","U.S.A.","Beauty","3","231.54","","PayPal","2024-04-05"
"ORD-10780","CUST-172","Elizabeth Davis","","male","U.S.A.","Books","1","390.87","1816.75","Cash on Delivery","March 10 2024"
"ORD-12590","CUST-202","michael jones","55","Female","UK","Home & Kitchen","6","46.65","589.51","Bank Transfer",""
"ORD-10773","CUST-320","MARY JOHNSON","56","female","United Kingdom","Home & Kitchen","","75.91","654.35","Cash on Delivery","2024/02/20"
"ORD-10471","CUST-363","Elizabeth Davis","46","M","UK","CLOTHING","8","119.14","325.89","Bank Transfer","2024/02/20"
"ORD-12813","CUST-227","David Miller","25","F","us","elec","2","","2403.09","PAYPAL",""
"ORD-11380","CUST-257","Patricia Brown","49","Female","United Kingdom","Sports","","149.00","","","2024-04-05"
"ORD-10650","CUST-387","","38","UNKNOWN","France","","-10","411.51","1040.69","PAYPAL","2024-01-15"
"ORD-11462","CUST-409","Patricia Brown","74","","UK","CLOTHING","","","","Bank Transfer","15/01/2024"
"ORD-10977","CUST-114","michael jones","56","Female","us","elec","4","96.13","","PayPal","March 10 2024"
"ORD-12936","CUST-240","David Miller","","female","USA","Beauty","4","433.69","1475.43","Cash on Delivery","2024-04-05"
"ORD-11933","CUST-289","","65","F","","Beauty","7","260.41","","Credit Card","2024-01-15"
"ORD-10267","CUST-429","","67","Male","USA","Clothing","-10","","208.64","Credit Card","March 10 2024"
"ORD-12459","CUST-388","MARY JOHNSON","","female","us","Electronics","","","2387.45","Credit Card","2024-01-15"
"ORD-10103","CUST-284","","-5","UNKNOWN","Canada","Books","2","","1441.40","PAYPAL","2024/02/20"
"ORD-12910","CUST-321","","72","male","U.S.A.","Sports","1","","","credit card","March 10 2024"
"ORD-10649","CUST-319","michael jones","","Male","","Clothing","5","370.39","","credit card",""
"ORD-12654","CUST-295","Linda Garcia","33","","us","elec","4","","520.00","Cash on Delivery","2024/02/20"
"ORD-12493","CUST-395","john smith","","male","France","","999","","2000.22","Cash on Delivery",""
"ORD-12944","CUST-118","MARY JOHNSON","","Female","USA","Home & Kitchen","2","","","","March 10 2024"
"ORD-10440","CUST-169","Robert Williams","","female","","Electronics","4","224.34","1045.82","","2024-01-15"
"ORD-10930","CUST-237","Robert Williams","56","female","","Clothing","","433.73","305.05","credit card",""
"ORD-10154","CUST-194","David Miller","38","male","UK","CLOTHING","3","395.28","729.81","","2024-01-15"
"ORD-11104","CUST-212","","","Male","us","","2","481.78","1294.24","PAYPAL","2024-01-15"
"ORD-10125","CUST-292","john smith","56","female","us","Books","","","110.87","credit card","March 10 2024"
"ORD-11645","CUST-233","","","Male","U.S.A.","","5","14.73","1483.38","credit card","2024/02/20"
"ORD-11564","CUST-136","MARY JOHNSON","","female","U.S.A.","","1","54.36","729.87","credit card","2024-01-15"
"ORD-12222","CUST-143","John Smith ","180","","","elec","","481.34","446.79","","2024/02/20"
"ORD-12612","CUST-107","john smith","22","","USA","","","387.39","1182.01","",""
"ORD-12353","CUST-378","John Smith ","45","male","","","4","","2128.83","credit card","15/01/2024"
"ORD-12234","CUST-114","Robert Williams","","M","United Kingdom","Sports","3","300.58","771.23","",""
"ORD-11921","CUST-289","john smith","74","Female","Canada","","10","265.86","2176.36","PAYPAL","15/01/2024"
"ORD-11176","CUST-344","MARY JOHNSON","","UNKNOWN","","Home & Kitchen","","","848.48","PayPal","2024/02/20"
"ORD-10034","CUST-232","","62","M","Germany","Sports","-10","354.89","","credit card","2024/02/20"
"ORD-12652","CUST-109","","180","M","U.S.A.","","6","","","Bank Transfer","2024/02/20"
"ORD-11108","CUST-351","Robert Williams","37","","us","Beauty","4","442.30","247.81","Bank Transfer","2024-01-15"
"ORD-11704","CUST-472","Robert Williams","","","","","8","47.83","2154.12","PayPal","March 10 2024"
"ORD-11718","CUST-454","Robert Williams","20","M","","Books","-10","92.30","1544.09","","2024/02/20"
"ORD-11508","CUST-245","michael jones","","Female","USA","Home & Kitchen","","299.84","","PayPal","2024/02/20"
"ORD-10041","CUST-408","Mary Johnson","","female","United States","","-10","55.87","","PayPal","15/01/2024"
"ORD-10882","CUST-390","","61","","","","4","69.57","2407.91","credit card","March 10 2024"
"ORD-12792","CUST-307","Patricia Brown","","Male","Canada","Books","1","141.56","","PAYPAL","2024/02/20"
"ORD-10869","CUST-324","Mary Johnson","","","United Kingdom","Home & Kitchen","5","234.27","721.59","PayPal","2024-01-15"
"ORD-11308","CUST-291","Patricia Brown","","Female","Germany","","3","235.37","850.08","credit card","2024-04-05"
"ORD-10012","CUST-137","","20","","UK","Home & Kitchen","","","","","2024/02/20"
"ORD-11270","CUST-393","john smith","32","F","Germany","","2","","1571.60","Cash on Delivery","March 10 2024"
"ORD-11324","CUST-267","Patricia Brown","","UNKNOWN","UK","elec","","","1279.14","PayPal","2024/02/20"
"ORD-11257","CUST-271","","29","","UK","elec","","356.73","898.40","Bank Transfer","2024/02/20"
"ORD-11167","CUST-361","","","Female","Germany","Beauty","8","24.34","417.29","Bank Transfer","2024/02/20"
"ORD-12344","CUST-450","MARY JOHNSON","68","","United States","Sports","9","","1585.87","PayPal","2024-01-15"
"ORD-12188","CUST-309","Patricia Brown","","","USA","","","","","PAYPAL","March 10 2024"
"ORD-12053","CUST-372","John Smith ","59","M","","Clothing","9","314.64","","PAYPAL","2024-04-05"
"ORD-10325","CUST-454","","36","Male","","Electronics","-10","153.96","1286.56","PayPal","15/01/2024"
"ORD-10069","CUST-482","","41","Male","United Kingdom","Books","","327.30","2387.08","Bank Transfer","2024-01-15"
"ORD-11771","CUST-256","John Smith ","","Male","Canada","Electronics","3","439.45","106.62","credit card","2024-01-15"
"ORD-11061","CUST-465","Linda Garcia","37","","","Clothing","7","","2252.46","PAYPAL","2024-01-15"
"ORD-11230","CUST-102","","47","M","UK","","1","","511.05","","15/01/2024"
"ORD-12528","CUST-104","Linda Garcia","","female","us","elec","","407.61","1969.41","Credit Card","2024-04-05"
"ORD-11086","CUST-238","David Miller","67","Male","","Books","5","302.35","1078.30","credit card","2024-04-05"
"ORD-10864","CUST-307","","67","","France","elec","8","20.51","","Bank Transfer","March 10 2024"
"ORD-10926","CUST-413","","","F","","Electronics","999","126.98","2240.88","","2024/02/20"
"ORD-10433","CUST-310","","","UNKNOWN","U.S.A.","","2","138.18","","","2024-01-15"
"ORD-10400","CUST-179","","","F","U.S.A.","CLOTHING","","321.32","475.58","Bank Transfer","2024-01-15"
"ORD-12021","CUST-457","Robert Williams","26","","France","Home & Kitchen","","183.99","","","2024-04-05"
"ORD-11945","CUST-141","john smith","","M","UK","Electronics","999","365.86","","","March 10 2024"
"ORD-12458","CUST-224","David Miller","38","F","UK","Sports","6","431.65","1956.13","",""
"ORD-12970","CUST-500","John Smith ","60","Female","UK","elec","2","418.81","29.23","credit card","2024-01-15"
"ORD-12768","CUST-260","Linda Garcia","63","female","us","CLOTHING","5","290.37","943.67","","March 10 2024"
"ORD-11923","CUST-390","David Miller","30","female","us","","4","483.72","776.37","Cash on Delivery",""
"ORD-12364","CUST-470","","","","U.S.A.","","1","430.65","1182.16","Credit Card","2024/02/20"
"ORD-11878","CUST-258","Elizabeth Davis","","female","USA","Beauty","7","342.36","","PAYPAL","2024-01-15"
"ORD-11052","CUST-106","Elizabeth Davis","18","male","UK","Sports","","","963.00","",""
"ORD-12366","CUST-446","john smith","48","UNKNOWN","U.S.A.","","6","","","PayPal","March 10 2024"
"ORD-12189","CUST-289","Linda Garcia","53","Male","U.S.A.","Home & Kitchen","2","450.18","1799.22","PayPal","2024-04-05"
"ORD-11259","CUST-372","","44","M","Germany","elec","10","","","Credit Card","15/01/2024"
"ORD-10244","CUST-255","michael jones","70","Female","","","1","123.87","822.72","Bank Transfer","15/01/2024"
"ORD-11638","CUST-352","","31","Female","United States","Beauty","5","87.03","70.51","",""
"ORD-11694","CUST-180","Robert Williams","","Female","","Home & Kitchen","4","171.00","","PayPal","2024/02/20"
"ORD-11026","CUST-390","michael jones","180","Male","","elec","1","218.84","638.67","",""
"ORD-10420","CUST-218","john smith","-5","Female","Canada","Sports","","159.28","1979.44","Credit Card",""
"ORD-12653","CUST-330","michael jones","58","UNKNOWN","","Beauty","7","49.18","151.80","credit card","2024/02/20"
"ORD-10083","CUST-281","","22","UNKNOWN","","Clothing","9","310.68","1503.21","PayPal",""
"ORD-11297","CUST-463","Linda Garcia","73","female","us","Books","3","219.22","602.07","","2024-01-15"
"ORD-11168","CUST-314","John Smith ","","M","","elec","5","56.28","83.39","","2024/02/20"
"ORD-12033","CUST-404","","43","","USA","Books","5","214.10","673.97","Credit Card",""
"ORD-11220","CUST-423","michael jones","73","Male","U.S.A.","CLOTHING","4","","189.16","","15/01/2024"
"ORD-11431","CUST-360","Patricia Brown","18","Female","USA","Home & Kitchen","","72.21","670.98","Credit Card","2024-04-05"
"ORD-12409","CUST-424","","","Male","USA","","","310.20","","Credit Card",""
"ORD-10184","CUST-495","michael jones","58","male","France","Electronics","","","811.02","credit card","15/01/2024"
"ORD-10210","CUST-424","John Smith ","26","M","Canada","Clothing","","","1866.69","credit card","2024-04-05"
"ORD-10686","CUST-312","Mary Johnson","26","male","","CLOTHING","2","356.50","613.84","Cash on Delivery","15/01/2024"
"ORD-12257","CUST-254","","","M","UK","Clothing","","379.60","133.14","PayPal","2024-01-15"
"ORD-12385","CUST-101","john smith","30","female","","Books","6","","1198.66","Cash on Delivery","2024-04-05"
"ORD-12081","CUST-349","David Miller","30","male","United States","Books","4","156.19","1733.08","","2024-01-15"
"ORD-11006","CUST-342","","","female","U.S.A.","","999","69.12","","credit card","2024-04-05"
"ORD-11425","CUST-384","Robert Williams","","","U.S.A.","Sports","10","436.26","1848.15","","2024/02/20"
"ORD-11822","CUST-399","Mary Johnson","","Female","Canada","Beauty","6","171.15","622.76","Credit Card","2024-04-05"
"ORD-12095","CUST-489","Linda Garcia","","","USA","Home & Kitchen","7","","396.43","credit card",""
"ORD-10788","CUST-480","Linda Garcia","","Male","USA","Books","3","488.82","1097.08","","15/01/2024"
"ORD-10162","CUST-416","","","female","France","Clothing","5","439.86","649.98","PayPal","15/01/2024"
"ORD-11624","CUST-164","Patricia Brown","","F","USA","Beauty","","344.39","","","15/01/2024"
"ORD-12200","CUST-118","","58","female","USA","Electronics","3","","196.09","Cash on Delivery","2024-01-15"
"ORD-11426","CUST-284","","","male","","","","","1667.29","Bank Transfer",""
"ORD-12589","CUST-105","Linda Garcia","","","United States","Home & Kitchen","6","","","Cash on Delivery","2024-01-15"
"ORD-11092","CUST-102","","71","","Germany","Beauty","8","","","","March 10 2024"
"ORD-10845","CUST-325","","","M","France","Home & Kitchen","","397.74","2295.21","PayPal",""
"ORD-11832","CUST-207","Elizabeth Davis","53","F","USA","Sports","","","794.04","PayPal","2024/02/20"
"ORD-10366","CUST-198","john smith","75","male","Canada","","1","413.68","","credit card",""
"ORD-12703","CUST-484","john smith","24","F","France","Clothing","","121.63","2097.31","Cash on Delivery","2024/02/20"
"ORD-10146","CUST-204","john smith","43","F","France","Clothing","5","110.04","1252.41","Cash on Delivery","2024/02/20"
"ORD-12680","CUST-344","David Miller","21","","","elec","6","393.14","21.80","PAYPAL",""
"ORD-12600","CUST-254","MARY JOHNSON","26","","","Books","9","","383.15","Credit Card","15/01/2024"
"ORD-12481","CUST-172","michael jones","","male","UK","","6","352.50","1278.17","Bank Transfer","2024/02/20"
"ORD-12100","CUST-329","Mary Johnson","54","","us","Sports","","302.92","2192.59","credit card","March 10 2024"
"ORD-10566","CUST-332","MARY JOHNSON","25","UNKNOWN","USA","Sports","","","2047.26","Bank Transfer","15/01/2024"
"ORD-12473","CUST-162","Elizabeth Davis","","M","us","","5","","945.03","PAYPAL",""
"ORD-10265","CUST-489","Robert Williams","52","M","USA","Books","","463.40","223.00","Cash on Delivery",""
"ORD-10672","CUST-111","","27","male","Canada","Clothing","1","","740.92","credit card",""
"ORD-12948","CUST-414","Mary Johnson","29","UNKNOWN","us","Electronics","9","402.17","","PAYPAL","2024-04-05"
"ORD-11132","CUST-112","David Miller","","","","Books","8","62.92","","Credit Card",""
"ORD-12344","CUST-450","MARY JOHNSON","68","","United States","Sports","9","","1585.87","PayPal","2024-01-15"
"ORD-12474","CUST-180","Linda Garcia","43","M","Canada","Clothing","4","86.67","1172.50","credit card","March 10 2024"
"ORD-10075","CUST-360","Robert Williams","","M","Germany","","6","","","credit card","2024-04-05"
"ORD-11036","CUST-333","Elizabeth Davis","53","UNKNOWN","Germany","Beauty","10","37.53","1056.67","","March 10 2024"
"ORD-12714","CUST-458","Mary Johnson","37","Female","us","Beauty","10","","","credit card","March 10 2024"
"ORD-11791","CUST-229","michael jones","","Female","U.S.A.","Home & Kitchen","5","14.91","587.27","","2024-04-05"
"ORD-10229","CUST-156","Linda Garcia","57","Female","","Electronics","-10","346.69","85.50","","2024/02/20"
"ORD-10445","CUST-486","john smith","44","F","UK","","","154.28","853.17","Credit Card","2024-04-05"
"ORD-10205","CUST-102","MARY JOHNSON","45","male","","CLOTHING","5","362.45","","PAYPAL","2024-01-15"
"ORD-10199","CUST-369","Elizabeth Davis","66","F","","","4","191.22","538.44","Bank Transfer","March 10 2024"
"ORD-12140","CUST-153","Robert Williams","59","Male","United States","Beauty","3","286.32","","Credit Card",""
"ORD-11811","CUST-499","Mary Johnson","33","","us","elec","","","","PayPal","2024-01-15"
"ORD-10037","CUST-343","","62","F","UK","Sports","999","106.08","2357.48","","2024-01-15"
"ORD-11412","CUST-199","","21","UNKNOWN","us","Sports","","189.08","2338.33","PayPal","2024/02/20"
"ORD-11031","CUST-123","Patricia Brown","50","UNKNOWN","United Kingdom","","","218.57","","PayPal","15/01/2024"
"ORD-12210","CUST-200","Mary Johnson","47","","UK","Beauty","","267.19","1417.99","Cash on Delivery",""
"ORD-10411","CUST-138","","39","","United States","Clothing","9","143.25","1343.79","","15/01/2024"
"ORD-11729","CUST-415","john smith","42","female","us","","1","171.05","959.45","","2024-01-15"
"ORD-10119","CUST-485","","","F","United States","elec","3","188.27","2144.24","Bank Transfer",""
"ORD-12025","CUST-492","michael jones","39","UNKNOWN","USA","Home & Kitchen","-10","243.78","134.50","Credit Card","March 10 2024"
"ORD-10208","CUST-481","michael jones","","","us","","8","344.42","","","2024-01-15"
"ORD-11723","CUST-221","Elizabeth Davis","","Male","Canada","Clothing","4","81.10","","Credit Card","March 10 2024"
"ORD-11251","CUST-141","David Miller","27","","USA","CLOTHING","","430.70","64.49","","15/01/2024"
"ORD-10599","CUST-352","MARY JOHNSON","21","","Germany","","6","","","Credit Card",""
"ORD-12868","CUST-201","john smith","","F","Canada","Sports","9","","1374.53","Cash on Delivery",""
"ORD-11648","CUST-388","Linda Garcia","18","Female","U.S.A.","","3","399.55","340.62","Bank Transfer",""
"ORD-10973","CUST-131","Elizabeth Davis","","","Canada","Books","3","320.61","1820.88","PAYPAL",""
"ORD-11576","CUST-343","MARY JOHNSON","35","","","Books","","403.71","","PAYPAL","2024-01-15"
"ORD-12202","CUST-228","","65","UNKNOWN","France","Beauty","6","107.97","","Cash on Delivery","2024-04-05"
"ORD-11007","CUST-299","michael jones","51","female","U.S.A.","","1","","1822.33","Credit Card",""
"ORD-12675","CUST-449","David Miller","","male","","Electronics","10","97.61","255.06","","2024/02/20"
"ORD-10898","CUST-103","David Miller","48","Female","United Kingdom","Electronics","9","10.15","","","2024-01-15"
"ORD-12462","CUST-465","john smith","36","M","","Beauty","4","371.96","2189.81","PAYPAL","2024-04-05"
"ORD-11577","CUST-362","Elizabeth Davis","29","male","U.S.A.","Electronics","1","85.01","","Bank Transfer","2024-01-15"
"ORD-12694","CUST-484","Mary Johnson","25","","U.S.A.","Home & Kitchen","","77.75","303.58","PayPal","15/01/2024"
"ORD-12800","CUST-261","Patricia Brown","74","Female","","Sports","","73.44","","Cash on Delivery","2024-04-05"
"ORD-11614","CUST-136","Linda Garcia","74","UNKNOWN","Germany","","","","1871.35","Bank Transfer","March 10 2024"
"ORD-12867","CUST-462","MARY JOHNSON","62","F","USA","","8","43.62","505.45","PayPal",""
"ORD-10524","CUST-286","Elizabeth Davis","52","F","U.S.A.","Beauty","","","","credit card","March 10 2024"
"ORD-11948","CUST-318","Elizabeth Davis","24","Female","UK","elec","7","156.87","","","2024/02/20"
"ORD-10383","CUST-500","","58","UNKNOWN","us","Books","","36.52","1873.90","Cash on Delivery","2024-01-15"
"ORD-11884","CUST-413","David Miller","55","Female","us","Sports","9","","","","2024-04-05"
"ORD-11580","CUST-405","Elizabeth Davis","","M","UK","Home & Kitchen","10","355.20","1496.28","credit card","2024-04-05"
"ORD-12291","CUST-210","Linda Garcia","","Female","","Sports","10","","1309.43","PAYPAL","15/01/2024"
"ORD-12280","CUST-100","Elizabeth Davis","24","Female","U.S.A.","Books","","","27.95","Bank Transfer","2024-04-05"
"ORD-12417","CUST-372","John Smith ","20","Male","","","8","297.45","2011.45","PayPal","2024-01-15"
"ORD-10526","CUST-319","Robert Williams","47","UNKNOWN","France","","10","15000","1236.41","",""
"ORD-10501","CUST-135","Elizabeth Davis","","UNKNOWN","us","","","","532.40","PayPal","2024-04-05"
"ORD-12342","CUST-193","Elizabeth Davis","37","male","UK","Beauty","7","","2035.40","","15/01/2024"
"ORD-11518","CUST-218","David Miller","68","UNKNOWN","us","elec","6","","350.22","",""
"ORD-10126","CUST-469","David Miller","53","","","Home & Kitchen","8","42.58","1282.18","Bank Transfer","2024-01-15"
"ORD-12924","CUST-447","","","Male","us","","4","485.43","1752.54","credit card","2024/02/20"
"ORD-12452","CUST-103","john smith","27","Female","Canada","Sports","2","485.23","","PayPal","2024/02/20"
"ORD-10753","CUST-167","MARY JOHNSON","","","U.S.A.","Clothing","8","46.90","328.97","credit card","March 10 2024"
"ORD-10612","CUST-399","Robert Williams","","","Canada","CLOTHING","7","177.15","825.39","Bank Transfer","March 10 2024"
"ORD-12871","CUST-271","Elizabeth Davis","-5","Male","Germany","","10","","","Credit Card","2024-04-05"
"ORD-12847","CUST-245","Linda Garcia","65","","France","Electronics","","349.12","","PAYPAL","2024-04-05"
"ORD-10592","CUST-403","MARY JOHNSON","43","F","UK","Books","","","1621.66","","2024-01-15"
"ORD-10494","CUST-271","","","","Germany","Clothing","9","308.30","138.12","","2024/02/20"
"ORD-12723","CUST-370","","75","Female","UK","Home & Kitchen","9","353.93","1512.52","Credit Card","2024-04-05"
"ORD-10097","CUST-497","","51","Male","Canada","Electronics","4","17.59","","credit card","2024-01-15"
"ORD-10266","CUST-233","Elizabeth Davis","18","UNKNOWN","us","Sports","4","135.12","2054.05","Cash on Delivery","2024-04-05"
"ORD-10683","CUST-408","Robert Williams","57","M","UK","","","","306.34","Bank Transfer","2024/02/20"
"ORD-11279","CUST-303","","44","male","United Kingdom","","2","","","Bank Transfer","2024-01-15"
"ORD-11937","CUST-263","Linda Garcia","20","","Canada","Books","8","","1009.41","Cash on Delivery","2024/02/20"
"ORD-12860","CUST-368","","","female","","CLOTHING","3","","1652.26","Cash on Delivery","15/01/2024"
"ORD-12468","CUST-327","Linda Garcia","34","male","United States","","2","476.89","2146.69","PayPal","2024/02/20"
"ORD-11430","CUST-147","Patricia Brown","20","F","U.S.A.","Electronics","","15000","2412.88","credit card","2024-04-05"
"ORD-10514","CUST-392","Elizabeth Davis","41","","","elec","","243.57","","Credit Card","2024-04-05"
"ORD-12784","CUST-492","Elizabeth Davis","","","","Books","","294.19","1778.65","Cash on Delivery","2024/02/20"
"ORD-12962","CUST-394","","","M","U.S.A.","Books","2","219.95","1433.69","PayPal","2024/02/20"
"ORD-10019","CUST-392","","21","Female","France","","3","140.96","","Bank Transfer","March 10 2024"
"ORD-12905","CUST-131","","65","female","","","3","70.03","1920.50","Cash on Delivery",""
"ORD-10490","CUST-436","David Miller","65","Female","United States","Beauty","","120.30","880.12","Bank Transfer","2024/02/20"
"ORD-12156","CUST-179","","27","","United States","Home & Kitchen","4","","1438.35","credit card","2024/02/20"
"ORD-11916","CUST-280","David Miller","180","","France","","","230.83","1292.05","",""
"ORD-10896","CUST-197","","48","Male","Germany","Clothing","5","130.55","143.51","PAYPAL","15/01/2024"
"ORD-12743","CUST-254","","27","UNKNOWN","UK","CLOTHING","3","166.51","2235.22","PayPal","2024/02/20"
"ORD-12771","CUST-365","Elizabeth Davis","75","","","elec","5","","816.16","Credit Card","15/01/2024"
"ORD-12731","CUST-348","Elizabeth Davis","32","UNKNOWN","U.S.A.","Electronics","7","80.16","1246.78","credit card","2024/02/20"
"ORD-11226","CUST-422","Robert Williams","55","female","","","5","228.11","","PayPal","15/01/2024"
"ORD-12170","CUST-287","john smith","27","male","United Kingdom","elec","","445.97","1603.52","Credit Card",""
"ORD-10769","CUST-232","Patricia Brown","29","Male","U.S.A.","","7","212.58","","PAYPAL","15/01/2024"
"ORD-12873","CUST-319","john smith","65","","","Beauty","","","1449.95","Credit Card","2024-04-05"
"ORD-12633","CUST-480","","","female","UK","","3","259.95","209.08","PayPal","15/01/2024"
"ORD-12410","CUST-364","Patricia Brown","","Female","","Books","3","316.44","1375.27","Credit Card","March 10 2024"
"ORD-12724","CUST-474","Patricia Brown","49","F","USA","","7","60.15","","Bank Transfer","March 10 2024"
"ORD-12814","CUST-478","John Smith ","24","Male","United States","","2","","1771.71","Credit Card","2024/02/20"
"ORD-10256","CUST-336","Patricia Brown","-5","Male","France","Beauty","8","329.20","2162.38","PayPal","March 10 2024"
"ORD-12879","CUST-454","Linda Garcia","","F","us","elec","2","","591.63","Cash on Delivery","15/01/2024"
"ORD-12135","CUST-254","John Smith ","24","M","","Books","","","1918.17","Cash on Delivery","March 10 2024"
"ORD-11647","CUST-380","john smith","","female","United States","","","","","credit card","March 10 2024"
"ORD-12596","CUST-262","Mary Johnson","31","","us","","","449.59","2057.77","PAYPAL","15/01/2024"
"ORD-10326","CUST-375","Elizabeth Davis","62","","us","CLOTHING","","478.44","475.74","credit card","2024-04-05"
"ORD-12173","CUST-225","John Smith ","59","UNKNOWN","UK","","7","458.90","1603.14","PAYPAL",""
"ORD-11131","CUST-431","MARY JOHNSON","38","male","France","Sports","7","","630.96","Bank Transfer","15/01/2024"
"ORD-12368","CUST-340","Mary Johnson","74","UNKNOWN","us","Clothing","6","","1685.22","","15/01/2024"
"ORD-11023","CUST-282","","","","us","Books","6","139.68","80.44","PAYPAL","2024-04-05"
"ORD-11192","CUST-331","John Smith ","","","UK","Electronics","9","199.75","1505.38","Bank Transfer","2024-04-05"
"ORD-10332","CUST-288","John Smith ","69","male","","Books","","462.22","","","March 10 2024"
"ORD-10327","CUST-311","michael jones","","male","UK","Beauty","2","462.81","103.57","Bank Transfer","2024-04-05"
"ORD-10774","CUST-206","","","UNKNOWN","USA","Clothing","9","90.98","","Cash on Delivery","2024/02/20"
"ORD-11813","CUST-334","john smith","27","","U.S.A.","Home & Kitchen","","481.05","","PAYPAL","2024/02/20"
"ORD-11826","CUST-243","michael jones","55","","Germany","Electronics","999","54.82","","PAYPAL","2024-01-15"
"ORD-10608","CUST-450","Patricia Brown","","","Germany","Books","4","","","","15/01/2024"
"ORD-12631","CUST-232","Robert Williams","48","F","UK","Books","2","110.16","2391.27","PAYPAL","2024/02/20"
"ORD-11549","CUST-369","Linda Garcia","","female","","Home & Kitchen","4","","","PAYPAL",""
"ORD-11908","CUST-154","","55","","U.S.A.","Clothing","9","453.34","2257.43","credit card","2024-01-15"
"ORD-12484","CUST-419","Linda Garcia","40","","United States","Sports","5","384.67","2144.20","Credit Card","15/01/2024"
"ORD-12767","CUST-456","Linda Garcia","180","","UK","Electronics","6","","217.86","Bank Transfer","2024/02/20"
"ORD-11762","CUST-401","","","","","Books","9","226.26","992.25","PayPal","15/01/2024"
"ORD-11565","CUST-450","michael jones","37","","Germany","","8","95.17","933.57","PayPal","2024-01-15"
"ORD-11124","CUST-462","michael jones","54","Female","United Kingdom","Beauty","2","398.43","188.47","Bank Transfer","2024/02/20"
"ORD-11428","CUST-301","","37","male","us","CLOTHING","8","","822.57","Cash on Delivery","15/01/2024"
"ORD-10099","CUST-402","John Smith ","23","male","us","Clothing","6","350.54","105.39","Bank Transfer","2024-01-15"
"ORD-12259","CUST-496","michael jones","","","","CLOTHING","4","232.13","1671.31","","March 10 2024"
"ORD-11790","CUST-102","john smith","","","France","Beauty","5","272.54","2219.52","Bank Transfer",""
"ORD-12837","CUST-263","Robert Williams","32","male","France","Beauty","5","465.69","","Bank Transfer","2024-01-15"
"ORD-12281","CUST-351","","51","female","Canada","Books","8","","997.27","PAYPAL","2024-04-05"
"ORD-11461","CUST-206","John Smith ","34","M","Canada","CLOTHING","5","173.02","1803.11","Cash on Delivery","2024-04-05"
"ORD-10822","CUST-410","john smith","57","UNKNOWN","USA","","","23.73","1770.76","Cash on Delivery",""
"ORD-10315","CUST-478","David Miller","68","","us","Sports","10","","2243.50","PAYPAL",""
"ORD-11748","CUST-216","Robert Williams","","UNKNOWN","UK","CLOTHING","6","198.41","186.86","","2024/02/20"
"ORD-12072","CUST-391","","20","UNKNOWN","us","Beauty","4","","723.19","PayPal",""
"ORD-11415","CUST-473","","22","female","France","","5","434.92","","PayPal","2024-04-05"
"ORD-11166","CUST-147","michael jones","","Female","Germany","Electronics","","30.48","2396.36","credit card",""
"ORD-10122","CUST-108","Elizabeth Davis","43","","Canada","elec","","","1682.85","PAYPAL","March 10 2024"
"ORD-11820","CUST-404","michael jones","70","female","U.S.A.","Beauty","999","199.06","","","2024-01-15"
"ORD-10362","CUST-184","John Smith ","","","Canada","Clothing","4","42.73","","PAYPAL","2024-04-05"
"ORD-10740","CUST-470","","44","UNKNOWN","UK","","","365.54","","Cash on Delivery","2024/02/20"
"ORD-10584","CUST-195","John Smith ","26","","U.S.A.","Electronics","1","","804.76","","15/01/2024"
"ORD-11932","CUST-400","Linda Garcia","20","Male","","Sports","999","360.78","","","2024-01-15"
"ORD-10065","CUST-333","David Miller","43","","France","","5","347.17","","PayPal",""
"ORD-12591","CUST-287","michael jones","53","male","UK","Sports","","209.68","","Credit Card",""
"ORD-12433","CUST-157","Patricia Brown","26","M","Canada","Sports","1","58.25","","Bank Transfer","15/01/2024"
"ORD-12461","CUST-418","michael jones","62","","France","Beauty","7","23.73","1693.20","","15/01/2024"
"ORD-10668","CUST-229","","66","Female","United Kingdom","","999","","","Credit Card",""
"ORD-11634","CUST-386","Mary Johnson","28","female","","Beauty","","434.98","2203.64","Credit Card","March 10 2024"
"ORD-11255","CUST-353","John Smith ","44","Female","","","5","","","Credit Card",""
"ORD-11862","CUST-110","","-5","Male","United Kingdom","Home & Kitchen","3","20.95","1509.42","credit card","2024-01-15"
"ORD-11604","CUST-222","Patricia Brown","26","","United States","Beauty","7","113.83","","Cash on Delivery","March 10 2024"
"ORD-11031","CUST-123","Patricia Brown","50","UNKNOWN","United Kingdom","","","218.57","","PayPal","15/01/2024"
"ORD-11403","CUST-333","Patricia Brown","72","F","U.S.A.","elec","","497.00","2164.13","Cash on Delivery","2024/02/20"
"ORD-11473","CUST-163","Robert Williams","38","","Canada","CLOTHING","","341.56","149.11","PAYPAL","2024-04-05"
"ORD-10177","CUST-263","Linda Garcia","30","M","UK","Clothing","","276.55","1613.23","PayPal",""
"ORD-12738","CUST-377","Elizabeth Davis","","Female","us","Home & Kitchen","","114.63","1782.00","PayPal","2024/02/20"
"ORD-10148","CUST-371","","","female","United Kingdom","","","","1389.18","Credit Card","March 10 2024"
"ORD-10739","CUST-240","Robert Williams","","male","","Books","","122.32","","Cash on Delivery","2024/02/20"
"ORD-11695","CUST-171","Elizabeth Davis","","Female","Germany","","8","90.81","1918.60","PAYPAL","2024-04-05"
"ORD-10409","CUST-375","Robert Williams","69","M","United States","","8","415.98","2189.83","Cash on Delivery","2024/02/20"
"ORD-11512","CUST-277","Patricia Brown","21","female","UK","Clothing","9","","178.18","","2024-04-05"
"ORD-12119","CUST-397","michael jones","180","UNKNOWN","","Sports","7","407.98","137.26","Cash on Delivery","2024/02/20"
"ORD-10937","CUST-298","Robert Williams","","","Germany","Beauty","999","334.70","1266.46","Bank Transfer","2024-01-15"
"ORD-10370","CUST-499","john smith","","M","UK","","10","","","credit card","March 10 2024"
"ORD-11886","CUST-400","John Smith ","","Male","","Sports","8","288.40","1934.07","PAYPAL","2024/02/20"
"ORD-12448","CUST-456","Robert Williams","","","United States","Beauty","2","","1967.45","PAYPAL",""
"ORD-10931","CUST-220","","49","M","France","","10","365.96","2043.79","Bank Transfer","2024-01-15"
"ORD-12520","CUST-376","David Miller","56","F","United States","elec","1","","","Bank Transfer",""
"ORD-10915","CUST-183","John Smith ","37","","","Sports","7","","","PAYPAL",""
"ORD-10539","CUST-165","","34","","France","Sports","6","","","Credit Card","March 10 2024"
"ORD-12655","CUST-132","John Smith ","69","UNKNOWN","us","Sports","4","202.06","","Bank Transfer",""
"ORD-10451","CUST-215","David Miller","53","Male","UK","","3","","1929.70","Bank Transfer","March 10 2024"
"ORD-11255","CUST-353","John Smith ","44","Female","","","5","","","Credit Card",""
"ORD-12769","CUST-222","Robert Williams","","UNKNOWN","USA","Electronics","","159.89","1636.92","credit card","2024-04-05"
"ORD-11245","CUST-299","","","Male","Germany","CLOTHING","9","30.35","","Cash on Delivery","March 10 2024"
"ORD-10912","CUST-213","Patricia Brown","","UNKNOWN","Germany","Home & Kitchen","","238.82","1092.83","Cash on Delivery","15/01/2024"
"ORD-10193","CUST-466","David Miller","18","F","","Home & Kitchen","6","68.76","1858.22","Cash on Delivery","15/01/2024"
"ORD-11871","CUST-157","MARY JOHNSON","27","F","UK","Beauty","3","366.12","2417.06","","2024-01-15"
"ORD-12595","CUST-370","","75","F","France","Clothing","2","425.53","1159.32","Bank Transfer","15/01/2024"
"ORD-10238","CUST-234","john smith","20","female","Germany","Clothing","10","94.78","1448.93","Credit Card","2024/02/20"
"ORD-10262","CUST-181","Robert Williams","66","Male","Canada","Clothing","4","46.55","2092.08","","15/01/2024"
"ORD-11534","CUST-171","michael jones","56","M","U.S.A.","Electronics","9","410.60","751.02","PAYPAL","March 10 2024"
"ORD-11929","CUST-379","Elizabeth Davis","","Male","U.S.A.","Electronics","10","","298.89","Bank Transfer","2024-04-05"
"ORD-11763","CUST-168","David Miller","","","United States","Beauty","4","156.73","1778.80","",""
"ORD-12045","CUST-456","","26","Female","UK","","7","58.70","","credit card","15/01/2024"
"ORD-11774","CUST-422","Patricia Brown","72","UNKNOWN","Germany","","8","293.24","119.58","Bank Transfer","2024-04-05"
"ORD-12217","CUST-274","","","UNKNOWN","","Beauty","10","445.42","","PayPal","2024-04-05"
"ORD-11673","CUST-411","John Smith ","20","male","United Kingdom","Sports","4","","","PayPal","2024-01-15"
"ORD-11285","CUST-267","","39","female","USA","elec","5","35.15","1667.39","credit card","March 10 2024"
"ORD-10523","CUST-372","Patricia Brown","51","female","","Books","","355.75","739.67","","March 10 2024"
"ORD-12978","CUST-499","michael jones","","F","","Electronics","1","257.62","1838.01","Bank Transfer","2024-01-15"
"ORD-11802","CUST-279","michael jones","67","female","UK","Home & Kitchen","3","","554.89","Bank Transfer","2024/02/20"
"ORD-12969","CUST-262","","67","male","United Kingdom","Clothing","999","410.65","","PAYPAL","March 10 2024"
"ORD-10652","CUST-282","michael jones","74","","USA","","2","55.69","910.61","","March 10 2024"
"ORD-11898","CUST-447","MARY JOHNSON","74","","United Kingdom","","7","140.32","","Bank Transfer","March 10 2024"
"ORD-11964","CUST-382","Patricia Brown","","F","","elec","7","","978.95","credit card",""
"ORD-11730","CUST-130","","31","male","U.S.A.","Sports","1","421.96","","","2024/02/20"
"ORD-12252","CUST-144","John Smith ","","female","UK","Electronics","","","2256.04","","15/01/2024"
"ORD-11869","CUST-388","Patricia Brown","29","Male","USA","CLOTHING","","301.63","862.12","Cash on Delivery","15/01/2024"
"ORD-10298","CUST-387","Patricia Brown","18","F","Germany","","","455.13","","credit card","15/01/2024"
"ORD-12729","CUST-159","","40","","France","Sports","1","371.84","2113.61","PAYPAL","2024/02/20"
"ORD-10138","CUST-103","MARY JOHNSON","56","male","UK","CLOTHING","2","12.21","1209.27","Cash on Delivery","15/01/2024"
"ORD-10961","CUST-136","Robert Williams","45","female","us","Home & Kitchen","1","188.65","","credit card","15/01/2024"
"ORD-12320","CUST-364","Linda Garcia","","UNKNOWN","Germany","Clothing","","274.16","1854.10","Cash on Delivery",""
"ORD-11276","CUST-500","","","","Canada","Clothing","5","400.83","163.94","Credit Card","2024-01-15"
"ORD-10910","CUST-226","","52","Female","USA","CLOTHING","","63.61","1659.92","PAYPAL",""
"ORD-12908","CUST-342","Robert Williams","26","F","Canada","","9","308.50","1065.25","PAYPAL","2024-01-15"
"ORD-12747","CUST-393","John Smith ","","Female","France","Books","6","233.80","1637.37","PAYPAL","15/01/2024"
"ORD-10954","CUST-350","Elizabeth Davis","","M","us","Electronics","4","364.21","458.72","",""
"ORD-12357","CUST-181","michael jones","52","","USA","Clothing","7","283.55","34.97","credit card",""
"ORD-10242","CUST-238","","25","Male","United States","Electronics","8","41.41","2241.22","PayPal","15/01/2024"
"ORD-10777","CUST-206","","46","UNKNOWN","","","","191.44","2044.25","PAYPAL","15/01/2024"
"ORD-12984","CUST-180","Patricia Brown","","Male","United States","","6","","1598.94","PayPal","March 10 2024"
"ORD-12198","CUST-367","MARY JOHNSON","57","M","us","Clothing","","493.12","1336.00","Cash on Delivery","2024-04-05"
"ORD-12172","CUST-205","","","Female","","Electronics","5","178.05","1997.70","","15/01/2024"
"ORD-11044","CUST-345","","","Male","","Sports","3","240.23","1556.11","PAYPAL",""
"ORD-12357","CUST-181","michael jones","52","","USA","Clothing","7","283.55","34.97","credit card",""
"ORD-10829","CUST-244","Robert Williams","72","","United States","elec","7","","","PayPal","2024/02/20"
"ORD-12334","CUST-238","Elizabeth Davis","","female","","","3","36.69","1585.49","","2024-04-05"
"ORD-11924","CUST-399","MARY JOHNSON","","F","us","CLOTHING","8","279.62","1080.03","credit card",""
"ORD-10682","CUST-179","john smith","32","female","","Books","10","214.10","1941.81","Cash on Delivery","March 10 2024"
"ORD-12617","CUST-309","John Smith ","57","female","Canada","elec","4","223.89","","","15/01/2024"
"ORD-11114","CUST-379","Mary Johnson","59","","U.S.A.","Electronics","10","","","Bank Transfer",""
"ORD-11944","CUST-401","Mary Johnson","","F","USA","Sports","2","190.47","1525.31","PAYPAL","2024-04-05"
"ORD-11955","CUST-273","michael jones","66","","","Sports","1","","1797.04","credit card","2024-01-15"
"ORD-12678","CUST-449","Mary Johnson","44","Male","","CLOTHING","","281.79","816.48","PAYPAL","2024-01-15"
"ORD-12071","CUST-259","Elizabeth Davis","","","us","Books","2","445.16","","","March 10 2024"
"ORD-11363","CUST-301","","","Female","USA","","4","326.41","","PAYPAL","15/01/2024"
"ORD-10323","CUST-430","Patricia Brown","72","female","United Kingdom","Home & Kitchen","1","","","PAYPAL","15/01/2024"
"ORD-12317","CUST-483","David Miller","61","UNKNOWN","","Electronics","4","125.75","","","15/01/2024"
"ORD-10443","CUST-199","","52","F","U.S.A.","","2","","669.05","credit card","2024-01-15"
"ORD-11061","CUST-465","Linda Garcia","37","","","Clothing","7","","2252.46","PAYPAL","2024-01-15"
"ORD-10534","CUST-300","Mary Johnson","36","Male","Germany","Sports","5","350.62","964.49","PAYPAL","2024-04-05"
"ORD-12888","CUST-115","Linda Garcia","32","M","Canada","elec","","94.15","965.28","credit card",""
"ORD-11608","CUST-399","john smith","39","UNKNOWN","UK","Home & Kitchen","","242.05","1984.13","",""
"ORD-10265","CUST-489","Robert Williams","52","M","USA","Books","","463.40","223.00","Cash on Delivery",""
"ORD-10471","CUST-363","Elizabeth Davis","46","M","UK","CLOTHING","8","119.14","325.89","Bank Transfer","2024/02/20"
"ORD-11365","CUST-214","Linda Garcia","25","Female","Germany","","2","425.98","758.31","PayPal","2024-04-05"
"ORD-11976","CUST-303","","54","Male","","Beauty","10","117.01","2287.19","Credit Card","2024/02/20"
"ORD-12891","CUST-404","Elizabeth Davis","","","Germany","Clothing","1","62.35","","Credit Card","2024-04-05"
"ORD-10385","CUST-278","Elizabeth Davis","18","F","","","","329.05","389.19","","2024-01-15"
"ORD-12951","CUST-369","Mary Johnson","61","","Canada","Electronics","","315.64","1217.65","","2024-04-05"
"ORD-10647","CUST-331","Robert Williams","29","male","United Kingdom","","","398.36","189.22","PayPal","15/01/2024"
"ORD-11669","CUST-268","","54","","United Kingdom","","","413.39","935.56","",""
"ORD-10237","CUST-325","","43","Male","","Books","9","","","PayPal","15/01/2024"
"ORD-10448","CUST-382","Linda Garcia","49","female","","Books","1","","605.50","Cash on Delivery","2024-01-15"
"ORD-10303","CUST-117","Linda Garcia","","Male","USA","Home & Kitchen","8","15000","1777.81","Bank Transfer","15/01/2024"
"ORD-12832","CUST-192","John Smith ","44","F","Germany","Sports","5","55.56","2295.18","Bank Transfer","March 10 2024"
"ORD-11221","CUST-306","Elizabeth Davis","69","","USA","Beauty","4","238.70","824.63","PayPal","2024/02/20"
"ORD-11115","CUST-490","","","UNKNOWN","USA","Sports","","","2119.93","PAYPAL","March 10 2024"
"ORD-12082","CUST-437","Linda Garcia","50","female","France","Books","5","109.95","2077.57","","15/01/2024"
"ORD-10925","CUST-428","Patricia Brown","180","","USA","Clothing","3","65.74","276.58","",""
"ORD-12544","CUST-373","David Miller","","","France","Home & Kitchen","8","155.20","721.59","",""
"ORD-11048","CUST-328","","","M","USA","Home & Kitchen","","400.85","564.70","","2024-04-05"
"ORD-11108","CUST-351","Robert Williams","37","","us","Beauty","4","442.30","247.81","Bank Transfer","2024-01-15"
"ORD-10027","CUST-359","MARY JOHNSON","","","Germany","","1","213.58","1131.85","PayPal",""
"ORD-11345","CUST-349","","73","M","UK","","-10","470.57","472.21","Bank Transfer","March 10 2024"
"ORD-11905","CUST-304","Linda Garcia","","","USA","Beauty","8","362.45","2177.48","","March 10 2024"
"ORD-10094","CUST-256","Robert Williams","71","UNKNOWN","United Kingdom","Clothing","7","194.58","","","March 10 2024"
"ORD-11453","CUST-118","John Smith ","46","F","UK","","","73.15","1662.40","PayPal","2024/02/20"
"ORD-10350","CUST-483","","65","M","UK","CLOTHING","-10","15000","2168.03","Cash on Delivery","2024-01-15"
"ORD-12253","CUST-235","MARY JOHNSON","59","M","us","CLOTHING","","35.96","1227.31","PAYPAL","2024-01-15"
"ORD-12588","CUST-167","","60","female","U.S.A.","","","192.72","607.83","Bank Transfer","2024-04-05"
"ORD-12529","CUST-319","","","male","France","Books","1","187.76","168.05","Cash on Delivery","2024/02/20"
"ORD-11018","CUST-460","Patricia Brown","","Female","France","Beauty","8","131.41","1892.93","Credit Card","2024-04-05"
"ORD-10004","CUST-213","","","UNKNOWN","","Sports","","206.20","273.42","PayPal",""
"ORD-12659","CUST-278","MARY JOHNSON","27","Male","United Kingdom","Books","2","15000","854.71","Bank Transfer","March 10 2024"
"ORD-11027","CUST-113","","","Male","Germany","Home & Kitchen","","232.14","320.96","Bank Transfer","2024/02/20"
"ORD-10809","CUST-434","MARY JOHNSON","","","United States","","3","356.88","554.68","Cash on Delivery","2024-01-15"
"ORD-12453","CUST-258","john smith","","M","","Sports","1","386.16","495.31","credit card","2024/02/20"
"ORD-12511","CUST-240","","","female","United Kingdom","Home & Kitchen","","","","","15/01/2024"
"ORD-10619","CUST-360","","60","","","elec","8","129.56","1402.00","","2024/02/20"
"ORD-12347","CUST-397","Elizabeth Davis","","male","us","Home & Kitchen","","","2000.76","Cash on Delivery","March 10 2024"
"ORD-11353","CUST-179","David Miller","","Female","","Sports","9","137.39","2106.00","",""
"ORD-10079","CUST-316","Mary Johnson","","","Canada","Beauty","4","379.03","","PayPal","2024-04-05"
"ORD-12636","CUST-344","","54","female","UK","Home & Kitchen","","","1536.42","","2024-04-05"
"ORD-12748","CUST-125","michael jones","","Male","USA","CLOTHING","1","339.67","674.91","","2024-01-15"
"ORD-11068","CUST-316","john smith","48","female","United States","Beauty","8","220.78","","",""
"ORD-10656","CUST-184","","180","","us","","","455.06","1127.10","Credit Card",""
"ORD-11682","CUST-242","Mary Johnson","68","","","Home & Kitchen","8","","735.26","","2024/02/20"
"ORD-10504","CUST-369","","","female","UK","Books","","89.92","2041.78","Cash on Delivery","2024-04-05"
"ORD-11966","CUST-478","michael jones","30","","","","10","295.46","1718.25","","15/01/2024"
"ORD-10655","CUST-179","","56","M","","Electronics","","142.14","2005.33","Credit Card",""
"ORD-10429","CUST-189","","33","","USA","elec","9","414.21","","PAYPAL","15/01/2024"
"ORD-12426","CUST-106","John Smith ","27","","Germany","Electronics","2","","","PayPal","2024-04-05"
"ORD-10112","CUST-351","Mary Johnson","18","F","U.S.A.","CLOTHING","10","","","PayPal","March 10 2024"
"ORD-10259","CUST-173","john smith","","","","CLOTHING","8","15000","2091.05","","2024-04-05"
"ORD-12922","CUST-231","John Smith ","-5","female","Canada","Home & Kitchen","3","","2017.50","Bank Transfer","2024-01-15"
"ORD-10235","CUST-297","john smith","52","Male","United States","elec","7","12.65","1626.74","","2024-04-05"
"ORD-11127","CUST-178","Elizabeth Davis","69","M","United States","Clothing","1","373.87","119.58","PayPal","2024-01-15"
"ORD-11617","CUST-243","Mary Johnson","48","Male","","Beauty","4","121.57","918.66","credit card","2024-01-15"
"ORD-11972","CUST-178","","","F","U.S.A.","Books","10","322.27","1611.70","Bank Transfer",""
"ORD-10133","CUST-457","MARY JOHNSON","35","","us","Home & Kitchen","","","2157.40","Cash on Delivery","2024-04-05"
"ORD-12109","CUST-311","MARY JOHNSON","21","","Canada","Home & Kitchen","7","","761.19","PayPal","March 10 2024"
"ORD-12993","CUST-426","Patricia Brown","","UNKNOWN","United States","","8","","1264.98","","2024/02/20"
"ORD-11615","CUST-417","MARY JOHNSON","","female","France","Clothing","6","73.29","","Bank Transfer",""
"ORD-11545","CUST-358","Robert Williams","","Female","","","","363.53","","Bank Transfer","March 10 2024"
"ORD-10812","CUST-406","john smith","","female","Germany","Sports","1","","1575.96","credit card","2024/02/20"
"ORD-10143","CUST-422","michael jones","35","","UK","CLOTHING","6","","1080.06","Cash on Delivery","2024-01-15"
"ORD-11429","CUST-266","Robert Williams","34","M","UK","","6","116.59","2222.13","","2024-01-15"
"ORD-12439","CUST-399","David Miller","49","Female","USA","","6","","","Cash on Delivery",""
"ORD-10821","CUST-101","Linda Garcia","64","M","U.S.A.","Books","7","84.67","","","15/01/2024"
"ORD-10339","CUST-310","Linda Garcia","40","Female","UK","Books","4","214.37","2257.51","PAYPAL",""
"ORD-11085","CUST-142","David Miller","66","Male","","","10","","1603.15","Credit Card","2024/02/20"
"ORD-10246","CUST-140","Patricia Brown","64","M","United Kingdom","","10","","1455.85","Bank Transfer","March 10 2024"
"ORD-10072","CUST-188","","-5","female","U.S.A.","CLOTHING","4","228.44","1163.04","PAYPAL","March 10 2024"
"ORD-10046","CUST-191","john smith","","","France","Clothing","-10","233.53","1109.25","Credit Card","2024/02/20"
"ORD-10234","CUST-126","john smith","65","Female","United States","Electronics","6","375.83","1234.99","Cash on Delivery",""
"ORD-10368","CUST-445","michael jones","54","","Canada","Sports","8","237.86","1350.57","Bank Transfer","2024-01-15"
"ORD-12512","CUST-239","David Miller","62","male","us","Books","","285.81","","","2024-04-05"
"ORD-10579","CUST-252","Robert Williams","56","male","U.S.A.","Sports","8","396.62","","Bank Transfer","15/01/2024"
"ORD-12144","CUST-275","","59","UNKNOWN","United Kingdom","Clothing","1","","1656.37","Cash on Delivery","2024-04-05"
"ORD-12857","CUST-290","","42","","us","","5","314.11","","PAYPAL","2024-01-15"
"ORD-11447","CUST-201","john smith","180","","","Sports","10","","","credit card","March 10 2024"
"ORD-12388","CUST-312","","27","Female","","elec","","342.27","56.05","",""
"ORD-10796","CUST-386","","63","UNKNOWN","U.S.A.","Books","2","","455.08","",""
"ORD-12318","CUST-296","Patricia Brown","75","Female","United States","Books","7","","617.87","credit card","2024-04-05"
"ORD-11742","CUST-324","","51","male","France","","6","15000","","credit card","15/01/2024"
"ORD-11843","CUST-235","David Miller","63","","","Electronics","7","293.60","755.68","","2024-04-05"
"ORD-11632","CUST-312","michael jones","","Female","USA","Home & Kitchen","","149.16","","Credit Card","15/01/2024"
"ORD-12267","CUST-362","John Smith ","33","M","USA","Sports","3","209.00","1383.64","","15/01/2024"
"ORD-10372","CUST-394","john smith","59","F","U.S.A.","Home & Kitchen","7","","2017.18","Credit Card","15/01/2024"
"ORD-10062","CUST-252","Mary Johnson","","M","","Sports","","100.05","","PAYPAL","March 10 2024"
"ORD-12736","CUST-485","Mary Johnson","180","M","France","","","228.28","1280.65","","March 10 2024"
"ORD-11853","CUST-243","","18","","Germany","","8","105.85","811.37","Credit Card","March 10 2024"
"ORD-11210","CUST-361","Linda Garcia","68","F","","elec","3","311.91","1808.04","PAYPAL","15/01/2024"
"ORD-10573","CUST-311","David Miller","","M","Germany","Beauty","6","276.43","721.39","","2024-04-05"
"ORD-10465","CUST-382","michael jones","68","","France","Sports","","15000","1814.49","","2024/02/20"
"ORD-12184","CUST-336","Linda Garcia","44","","France","Home & Kitchen","3","318.69","64.09","Cash on Delivery","March 10 2024"
"ORD-11204","CUST-357","","58","F","","Clothing","10","120.24","","Credit Card",""
"ORD-12598","CUST-222","John Smith ","66","UNKNOWN","U.S.A.","","","88.64","1055.60","Cash on Delivery","March 10 2024"
"ORD-11708","CUST-204","Mary Johnson","28","","U.S.A.","Electronics","3","150.81","","Cash on Delivery","2024-04-05"
"ORD-12921","CUST-268","Mary Johnson","49","","","Electronics","1","467.98","","Credit Card","2024-04-05"
"ORD-12274","CUST-274","John Smith ","","F","Germany","CLOTHING","","190.88","423.37","PAYPAL",""
"ORD-12476","CUST-279","Elizabeth Davis","32","male","United States","CLOTHING","8","","","credit card",""
"ORD-12195","CUST-193","michael jones","68","","","Home & Kitchen","5","76.01","1613.19","PayPal","March 10 2024"
"ORD-11988","CUST-185","john smith","63","Female","Germany","Electronics","8","171.56","","","2024/02/20"
"ORD-11572","CUST-223","","","Female","","Books","1","114.83","2126.26","credit card","2024-04-05"
"ORD-10147","CUST-241","","25","UNKNOWN","USA","Sports","","","1000.52","",""
"ORD-12057","CUST-396","","","F","Canada","elec","7","49.68","47.23","PayPal",""
"ORD-11888","CUST-363","","37","male","","","7","194.33","41.45","","2024-01-15"
"ORD-10911","CUST-155","","","female","UK","","4","364.45","","credit card","2024-01-15"
"ORD-12516","CUST-260","Mary Johnson","58","M","United Kingdom","Sports","4","","239.29","","2024-04-05"
"ORD-12395","CUST-353","Linda Garcia","25","M","France","Books","9","46.24","994.08","Bank Transfer",""
"ORD-11277","CUST-306","Patricia Brown","57","","","Sports","7","","","Credit Card","15/01/2024"
"ORD-12377","CUST-312","john smith","","UNKNOWN","United States","Beauty","4","38.71","1092.54","PAYPAL","2024-04-05"
"ORD-12804","CUST-158","Elizabeth Davis","60","Male","USA","Electronics","3","138.42","1399.29","","2024-04-05"
"ORD-12705","CUST-249","michael jones","59","Female","Germany","Electronics","","188.47","","Cash on Delivery","2024/02/20"
"ORD-10543","CUST-148","John Smith ","20","UNKNOWN","us","","5","433.82","","","March 10 2024"
"ORD-10564","CUST-269","","","","USA","Clothing","1","333.58","745.23","PayPal",""
"ORD-12915","CUST-271","","41","Female","Germany","","","260.89","1642.02","Credit Card","15/01/2024"
"ORD-10396","CUST-341","","","F","U.S.A.","Books","9","","755.87","","2024-04-05"
"ORD-10762","CUST-361","","52","F","Canada","Clothing","","359.27","713.78","","15/01/2024"
"ORD-10215","CUST-414","","37","UNKNOWN","","Electronics","","","1739.24","credit card","2024/02/20"
"ORD-12030","CUST-231","MARY JOHNSON","47","","United Kingdom","Beauty","999","215.49","1570.29","Bank Transfer","2024-04-05"
"ORD-12903","CUST-404","Patricia Brown","","Male","U.S.A.","Beauty","10","89.50","","PAYPAL","15/01/2024"
"ORD-12345","CUST-104","Robert Williams","26","F","Germany","elec","-10","494.06","1455.79","PAYPAL","March 10 2024"
"ORD-10491","CUST-197","","70","","France","Beauty","8","58.98","1090.00","PayPal","2024-04-05"
"ORD-12663","CUST-375","Robert Williams","","Female","","Sports","7","428.70","2190.51","","15/01/2024"
"ORD-10914","CUST-216","David Miller","36","","Germany","","","209.01","","","2024/02/20"
"ORD-12931","CUST-412","","","male","","CLOTHING","","","1434.99","credit card","2024-04-05"
"ORD-12018","CUST-357","Elizabeth Davis","42","","United States","","","399.31","1069.87","Credit Card","March 10 2024"
"ORD-10394","CUST-471","David Miller","72","F","USA","Books","10","298.55","1432.33","PAYPAL","2024/02/20"
"ORD-10232","CUST-211","","74","M","Canada","","4","246.49","1353.78","credit card",""
"ORD-10355","CUST-110","John Smith ","64","Female","UK","Clothing","8","","","credit card","2024-01-15"
"ORD-10749","CUST-403","john smith","","","","Beauty","4","313.84","1872.85","PayPal","2024-04-05"
"ORD-11881","CUST-428","","68","female","","Electronics","","445.49","737.59","PAYPAL",""
"ORD-12635","CUST-112","David Miller","24","","France","Sports","3","","748.35","credit card","2024-04-05"
"ORD-12397","CUST-343","John Smith ","71","Female","","","4","164.25","","PayPal",""
"ORD-10731","CUST-359","Elizabeth Davis","31","UNKNOWN","USA","Beauty","9","203.33","","Cash on Delivery",""
"ORD-11369","CUST-408","Robert Williams","","UNKNOWN","us","Home & Kitchen","","404.85","1706.09","Bank Transfer","2024-01-15"
"ORD-10527","CUST-421","MARY JOHNSON","68","UNKNOWN","","Sports","3","369.15","","","March 10 2024"
"ORD-11265","CUST-414","David Miller","73","UNKNOWN","","Home & Kitchen","9","","2066.57","","2024/02/20"
"ORD-11225","CUST-327","","","male","us","","2","445.14","2014.49","PAYPAL","2024-01-15"
"ORD-12907","CUST-397","John Smith ","26","Male","USA","CLOTHING","5","221.66","","PayPal",""
"ORD-12987","CUST-500","Patricia Brown","44","male","","elec","1","86.07","1897.21","PayPal",""
"ORD-11422","CUST-227","","-5","F","","Home & Kitchen","4","","2087.45","PayPal","2024/02/20"
"ORD-11030","CUST-343","","","M","UK","Clothing","","399.56","","Credit Card","2024/02/20"
"ORD-10592","CUST-403","MARY JOHNSON","43","F","UK","Books","","","1621.66","","2024-01-15"
"ORD-12383","CUST-416","Elizabeth Davis","","male","Canada","Beauty","3","365.21","1803.02","Credit Card","2024-04-05"
"ORD-12005","CUST-453","Patricia Brown","","M","","Sports","","487.07","740.52","Bank Transfer","2024-01-15"
"ORD-10375","CUST-108","Linda Garcia","45","F","United Kingdom","elec","4","342.79","2234.30","PayPal","2024/02/20"
"ORD-10737","CUST-220","","63","","","","","213.25","832.28","","2024-01-15"
"ORD-11396","CUST-434","Patricia Brown","72","UNKNOWN","U.S.A.","","1","399.94","883.15","PAYPAL","March 10 2024"
"ORD-10790","CUST-313","Patricia Brown","53","M","UK","Clothing","6","225.58","1158.45","","2024-04-05"
"ORD-11376","CUST-160","MARY JOHNSON","65","","U.S.A.","Books","1","411.31","589.45","credit card","2024-01-15"
"ORD-11158","CUST-328","","37","M","France","","4","88.47","1036.96","","2024-04-05"
"ORD-10947","CUST-337","Elizabeth Davis","","UNKNOWN","","","2","30.13","747.02","PAYPAL","15/01/2024"
"ORD-11866","CUST-487","Patricia Brown","","female","us","","5","139.22","2101.92","Credit Card","15/01/2024"
"ORD-12256","CUST-255","","50","female","Canada","","7","390.56","","Cash on Delivery","2024/02/20"
"ORD-12141","CUST-441","michael jones","67","Male","U.S.A.","elec","9","160.70","1113.11","","2024/02/20"
"ORD-11907","CUST-179","Linda Garcia","68","male","","Books","1","","1456.87","Bank Transfer","2024-04-05"
"ORD-11861","CUST-243","","31","Male","","","5","313.62","868.36","Bank Transfer","15/01/2024"
"ORD-10116","CUST-143","john smith","","","UK","Sports","","478.96","1283.58","","15/01/2024"
"ORD-10515","CUST-451","MARY JOHNSON","20","male","UK","Sports","8","296.10","","","2024-01-15"
"ORD-12450","CUST-140","John Smith ","","M","","Beauty","4","15000","","Bank Transfer","2024-04-05"
"ORD-12575","CUST-332","michael jones","37","female","France","Electronics","9","290.49","","credit card","15/01/2024"
"ORD-10539","CUST-165","","34","","France","Sports","6","","","Credit Card","March 10 2024"
"ORD-11310","CUST-273","Elizabeth Davis","","F","United Kingdom","elec","4","151.87","670.59","","2024-04-05"
"ORD-11886","CUST-400","John Smith ","","Male","","Sports","8","288.40","1934.07","PAYPAL","2024/02/20"
"ORD-12086","CUST-216","Robert Williams","41","female","Canada","Home & Kitchen","1","248.08","1807.41","Credit Card","2024/02/20"
"ORD-10857","CUST-293","Patricia Brown","","female","us","Sports","","10.38","","PayPal","15/01/2024"
"ORD-12350","CUST-483","John Smith ","42","","Germany","","6","171.86","","PAYPAL",""
"ORD-11042","CUST-455","MARY JOHNSON","40","","Germany","elec","10","358.31","656.58","","15/01/2024"
"ORD-12806","CUST-488","Elizabeth Davis","","","Canada","elec","8","493.04","781.09","PayPal","March 10 2024"
"ORD-11060","CUST-156","Mary Johnson","63","","us","Home & Kitchen","6","","315.08","Bank Transfer","2024-01-15"
"ORD-12346","CUST-459","Linda Garcia","20","","Canada","Beauty","7","","","PayPal","2024-01-15"
"ORD-10659","CUST-142","Patricia Brown","60","female","","Clothing","1","62.32","1670.15","Cash on Delivery","March 10 2024"
"ORD-11729","CUST-415","john smith","42","female","us","","1","171.05","959.45","","2024-01-15"
"ORD-11715","CUST-406","","70","","Canada","Books","4","280.77","313.47","Bank Transfer","2024-01-15"
"ORD-12859","CUST-414","Patricia Brown","42","Female","","Beauty","6","498.31","1094.36","PayPal",""
"ORD-11714","CUST-335","Linda Garcia","","F","United States","","3","","335.17","","15/01/2024"
"ORD-10330","CUST-108","","","","Germany","Beauty","6","","1764.30","","2024-01-15"
"ORD-12110","CUST-139","john smith","44","","UK","Sports","-10","180.95","","PayPal","2024-04-05"
"ORD-10784","CUST-238","David Miller","","F","UK","Electronics","9","213.35","1469.62","PayPal","March 10 2024"
"ORD-11910","CUST-173","","73","male","France","Electronics","1","202.91","1243.05","credit card",""
"ORD-11997","CUST-460","michael jones","30","M","United States","Beauty","3","","","",""
"ORD-10468","CUST-177","John Smith ","49","M","United Kingdom","Beauty","3","15000","2096.21","","2024-04-05"
"ORD-10300","CUST-122","MARY JOHNSON","60","","","Books","6","58.24","","","March 10 2024"
"ORD-10945","CUST-182","","31","Female","France","elec","2","169.37","2361.11","Credit Card",""
"ORD-10156","CUST-244","","70","","","Books","6","414.27","922.74","PAYPAL",""
"ORD-10806","CUST-219","Mary Johnson","180","male","USA","Beauty","7","","2086.46","PAYPAL","March 10 2024"
"ORD-12000","CUST-403","MARY JOHNSON","22","","Canada","Home & Kitchen","4","","","Bank Transfer",""
"ORD-10495","CUST-414","john smith","","female","UK","","","129.10","2083.69","Credit Card","2024-01-15"
"ORD-10317","CUST-387","","43","female","United States","Beauty","8","218.91","491.84","Cash on Delivery","15/01/2024"
"ORD-12817","CUST-427","Linda Garcia","44","female","USA","Beauty","5","90.41","","Credit Card","15/01/2024"
"ORD-10007","CUST-271","MARY JOHNSON","","","United States","Clothing","5","187.77","1930.41","PayPal","March 10 2024"
"ORD-12996","CUST-185","Mary Johnson","58","male","Canada","Clothing","8","211.25","1244.09","Credit Card","2024/02/20"
"ORD-12514","CUST-320","David Miller","24","F","","Beauty","8","85.39","","Cash on Delivery",""
"ORD-10477","CUST-417","michael jones","32","UNKNOWN","United States","Books","","465.93","1627.17","Bank Transfer","2024-01-15"
"ORD-12489","CUST-360","Robert Williams","22","","USA","Home & Kitchen","","369.13","2175.92","Credit Card","2024/02/20"
"ORD-10631","CUST-368","","22","Female","France","Home & Kitchen","3","","1560.95","Cash on Delivery",""
"ORD-12348","CUST-212","Elizabeth Davis","66","","","Clothing","6","","","Cash on Delivery","2024/02/20"
"ORD-10449","CUST-400","","36","F","Germany","Beauty","7","359.90","2336.61","PAYPAL","March 10 2024"
"ORD-12858","CUST-251","MARY JOHNSON","20","M","Germany","Home & Kitchen","","331.59","235.70","","2024-01-15"
"ORD-12551","CUST-165","David Miller","","Female","U.S.A.","Clothing","4","427.08","804.69","PAYPAL","2024-04-05"
"ORD-11547","CUST-382","Patricia Brown","37","","Germany","CLOTHING","","","1969.79","","2024/02/20"
"ORD-11479","CUST-447","","70","Female","United States","Books","6","56.80","914.60","Cash on Delivery","2024-01-15"
"ORD-12490","CUST-413","","","UNKNOWN","Germany","","-10","472.28","1850.29","PayPal","2024-01-15"
"ORD-12798","CUST-277","","65","M","UK","Home & Kitchen","6","36.25","","PAYPAL","2024-04-05"
"ORD-11155","CUST-428","","","F","","Electronics","4","179.44","","","15/01/2024"
"ORD-10382","CUST-233","","34","","Canada","elec","1","","1328.65","PAYPAL","2024-04-05"
"ORD-12460","CUST-466","MARY JOHNSON","46","","U.S.A.","Clothing","6","284.87","","credit card","2024/02/20"
"ORD-11709","CUST-162","","180","F","United States","Clothing","","160.47","1728.42","Bank Transfer","2024-01-15"
"ORD-12675","CUST-449","David Miller","","male","","Electronics","10","97.61","255.06","","2024/02/20"
"ORD-12623","CUST-320","Robert Williams","54","Male","France","elec","5","151.43","2117.68","credit card","March 10 2024"
"ORD-11726","CUST-472","","28","","us","Beauty","10","","619.51","Cash on Delivery",""
"ORD-11850","CUST-467","Robert Williams","65","","Germany","Beauty","1","","","PayPal","March 10 2024"
"ORD-11803","CUST-381","Patricia Brown","51","Male","","CLOTHING","9","335.08","1360.80","","2024-04-05"
"ORD-11562","CUST-298","Mary Johnson","67","UNKNOWN","United States","","10","408.54","1612.27","Bank Transfer","March 10 2024"
"ORD-10369","CUST-156","John Smith ","32","M","UK","","3","42.39","","Cash on Delivery",""
"ORD-10390","CUST-143","john smith","","Female","","Home & Kitchen","7","","254.24","PAYPAL",""
"ORD-12975","CUST-414","MARY JOHNSON","70","Female","","","6","21.54","1850.32","PayPal","15/01/2024"
"ORD-11348","CUST-318","","","female","","Sports","4","","1922.77","","2024-04-05"
"ORD-10626","CUST-271","David Miller","","male","","","1","485.60","34.37","Credit Card","March 10 2024"
"ORD-10053","CUST-472","","63","Male","United Kingdom","","","59.40","1492.44","PAYPAL","2024/02/20"
"ORD-10048","CUST-214","john smith","58","Female","United Kingdom","","","450.57","","Bank Transfer","March 10 2024"
"ORD-12103","CUST-308","john smith","-5","M","United Kingdom","","5","","460.55","PayPal","March 10 2024"
"ORD-11118","CUST-293","","26","male","France","Clothing","","382.96","1784.59","credit card","2024-04-05"
"ORD-12855","CUST-312","David Miller","72","M","Canada","","9","212.28","843.37","Cash on Delivery","2024-01-15"
"ORD-11316","CUST-181","Linda Garcia","180","","United States","Beauty","","235.61","972.57","PayPal","15/01/2024"
"ORD-12887","CUST-389","Mary Johnson","64","F","UK","elec","6","25.54","552.68","Credit Card","15/01/2024"
"ORD-11872","CUST-135","Elizabeth Davis","48","F","Germany","Home & Kitchen","2","","","",""
"ORD-10300","CUST-122","MARY JOHNSON","60","","","Books","6","58.24","","","March 10 2024"
"ORD-10873","CUST-449","David Miller","69","UNKNOWN","us","","5","","2170.19","PayPal","March 10 2024"
"ORD-11445","CUST-480","michael jones","22","","","elec","9","495.49","2339.01","","2024/02/20"
"ORD-10086","CUST-154","Linda Garcia","71","female","U.S.A.","Books","-10","199.39","1969.75","PayPal","2024/02/20"
"ORD-12902","CUST-391","Patricia Brown","22","UNKNOWN","UK","Electronics","3","","773.81","",""
"ORD-10395","CUST-402","","","M","U.S.A.","Clothing","2","159.80","","credit card","2024/02/20"
"ORD-10100","CUST-315","","","","Canada","Sports","9","157.06","","",""
"ORD-12162","CUST-343","John Smith ","","Female","Canada","","1","","2107.00","Cash on Delivery","2024-01-15"
"ORD-11897","CUST-294","David Miller","72","male","United Kingdom","Books","4","443.91","62.44","Bank Transfer","March 10 2024"
"ORD-10696","CUST-369","michael jones","33","female","","","","104.07","698.32","Cash on Delivery","2024-04-05"
"ORD-11040","CUST-178","David Miller","","","Canada","Electronics","-10","","842.38","Bank Transfer","2024-01-15"
"ORD-11652","CUST-404","Linda Garcia","66","","United States","","9","493.77","1110.95","PAYPAL","March 10 2024"
"ORD-12494","CUST-490","John Smith ","36","","France","Sports","","","2201.76","PayPal",""
"ORD-11179","CUST-162","David Miller","27","Female","","Clothing","6","122.13","803.14","","2024-04-05"
"ORD-12272","CUST-199","David Miller","66","Female","USA","elec","","","1887.75","Bank Transfer","2024-04-05"
"ORD-11155","CUST-428","","","F","","Electronics","4","179.44","","","15/01/2024"
"ORD-10955","CUST-486","John Smith ","53","UNKNOWN","","CLOTHING","7","316.33","1423.45","",""
"ORD-11389","CUST-351","Patricia Brown","70","","UK","Beauty","4","229.56","144.83","","March 10 2024"
"ORD-11877","CUST-365","Patricia Brown","67","male","USA","elec","5","","334.46","","2024/02/20"
"ORD-12066","CUST-301","","","Female","USA","Books","-10","468.79","","Cash on Delivery",""
"ORD-10081","CUST-386","","42","F","United States","Electronics","1","408.99","","credit card","2024-04-05"
"ORD-10887","CUST-172","MARY JOHNSON","24","M","United Kingdom","","4","","1924.92","","2024-04-05"
"ORD-10959","CUST-170","","43","M","","Beauty","9","114.28","215.30","PayPal","2024-04-05"
"ORD-10026","CUST-253","Elizabeth Davis","18","Female","UK","","1","","2372.31","credit card","2024/02/20"
"ORD-11532","CUST-393","","18","Male","","Electronics","8","","537.54","","2024-04-05"